SP;Nro Arb;COD;CIF;NOMBRE VULGAR;NOMBRE CIENTIFICO ;POM;X;Y;DAP;CD;HT;HC;ESTE;NORTE
1;1;;111;Parinari;Hirtella racemosa;;4.8;7.3;10;10 a 19.9;13.491;59.918;667123.8;9537351.3
1;2;;;Cumala blanca;Virola albidiflora;;2.66;3.6;13.6;10 a 19.9;1.467.144;8.937.392;667121.66;9537347.6
1;3;;;Tamamuri;Ophiocaryon klugii;;4.1;7.9;7.1;0 a 9.9;1.254.009;3.509.632;667123.1;9537351.9
1;4;;;Copal;Protium amazonicum;;3.3;8.4;6.8;0 a 9.9;1.244.172;3.247.288;667122.3;9537352.4
1;5;;111;Sapote del monte;Carpotroche longifolia;;1.68;4.6;9.2;0 a 9.9;1.322.868;5.316.808;667120.68;9537348.6
1;6;;111;Caimitillo;Pouteria guianensis;;3.1;2.2;29;20 a 29.9;197.211;198.409;667122.1;9537346.2
1;7;;131;Chimicua;Perebea guianensis;;4.8;2.6;12.9;10 a 19.9;1.444.191;8.376.412;667123.8;9537346.6
1;8;;;Tangarana;Nealchornea yapurensis;;5.26;2.4;11.9;10 a 19.9;1.411.401;7.565.152;667124.26;9537346.4
1;9;;;Cumala colorada;Virola calophylla;;5.5;5.3;10.2;10 a 19.9;1.355.658;6.159.388;667124.5;9537349.3
1;10;;;Ubos del monte;Sacoglottis ceratocarpa;;5.7;5.2;7.7;0 a 9.9;1.273.683;4.031.188;667124.7;9537349.2
1;11;;;Ojé;Naucleopsis glabra;;7.36;6.8;6;0 a 9.9;121.794;25.426;667126.36;9537350.8
1;12;;;Fariña caspi ;Sloanea floribunda;;5.5;8.6;26;20 a 29.9;1.933.924.761;1.166.250.542;667124.5;9537352.6
1;13;;411;Cashapona;Socratea exorrhiza;;9.8;3.5;5;0 a 9.9;118.515;16.513;667128.8;9537347.5
2;1;;111;Cumala;Iryanthera grandis;;18.64;6.8;8;0 a 9.9;128.352;42.904;667137.64;9537350.8
2;2;;;Machimango;Eschweilera grandifolia;;19;9.3;5.3;0 a 9.9;1.194.987;1.919.908;667138;9537353.3
2;3;;;Chimicua;Perebea guianensis;;18.48;10;12.9;10 a 19.9;1.444.191;8.376.412;667137.48;9537354
2;4;;;Shimbillo;Inga ruiziana;;13.2;8.7;19.7;10 a 19.9;153.823.431;1.173.636.817;667132.2;9537352.7
2;5;;;Sapote;Matisia malacocalyx;;14.6;8.2;11.5;10 a 19.9;1.398.285;72.374;667133.6;9537352.2
2;6;;;Guayabillo del monte;Rinorea viridifolia;;13.8;7.6;7.2;0 a 9.9;1.257.288;3.596.848;667132.8;9537351.6
2;7;;;Quinilla;Pouteria cladantha;;13;5.8;9.8;0 a 9.9;1.342.542;5.823.748;667132;9537349.8
2;9;;111;Urin huayo;Sloanea guianensis;;12.6;0.5;5.4;0 a 9.9;1.198.266;2.009.212;667131.6;9537344.5
2;10;;;Curarina;Strychnos solimoesana;;14.25;3.1;6.8;0 a 9.9;1.244.172;3.247.288;667133.25;9537347.1
2;11;;;Moena blanca;Nectandra longifolia;;16.9;0.8;30.9;30 a 39.9;2.536.783.515;1.815.910.721;667135.9;9537344.8
2;12;;;Rabo de mono;Heisteria acuminata;;16.78;2.6;7.6;0 a 9.9;1.270.404;3.944.552;667135.78;9537346.6
2;13;;;Cumala caupuri;Virola pavonis;;17.27;1.5;11.2;10 a 19.9;1.388.448;6.990.368;667136.27;9537345.5
2;14;;;Yutubanco;Tetrathylacium macrophyllum;;18.6;5.6;8;0 a 9.9;128.352;42.904;667137.6;9537349.6
2;15;;;Machimango blanco;Eschweilera coriacea;;17.65;4.9;32.1;30 a 39.9;2.054.421.449;1.718.275.109;667136.65;9537348.9
2;16;;;Chimicua;Perebea guianensis;;15.65;4.9;39.6;30 a 39.9;2.442.045.465;1.451.998.088;667134.65;9537348.9
3;1;;;Castaña amarga;Sterculia apetala;;20;6.1;15.8;10 a 19.9;1.539.282;10.663.468;667139;9537350.1
3;2;;;Carahuasca;Guatteria elata;;25;7;5.6;0 a 9.9;1.204.824;2.187.472;667144;9537351
3;3;;;Bushillo;Tachigali paniculata;;23.9;9;11.1;10 a 19.9;1.385.169;6.907.792;667142.9;9537353
3;4;;;Anonilla;Unonopsis veneficiorum;;21.2;8.6;6.9;0 a 9.9;1.247.451;3.334.852;667140.2;9537352.6
3;5;;;Pashaco;Zygia latifolia;;20.8;9;8.7;0 a 9.9;1.306.473;4.891.168;667139.8;9537353
3;6;;;Añallu caspi;Poecilanthe effusa;;22.1;7.2;6.6;0 a 9.9;1.237.614;3.071.812;667141.1;9537351.2
3;7;;;Copal;Protium calendulinum;;21.5;5.5;5;0 a 9.9;118.515;16.513;667140.5;9537349.5
3;8;;;Copal colorado ;Protium ferrugineum;;21.6;2.6;18.4;10 a 19.9;1.624.536;12.630.992;667140.6;9537346.6
3;9;;;Huacapusillo;Minquartia guianensis;;21.66;2.1;6.3;0 a 9.9;1.227.777;2.807.728;667140.66;9537346.1
3;10;;;Cumalilla;Virola elongata;1.37;20.75;0.4;6;0 a 9.9;121.794;25.426;667139.75;9537344.4
3;11;;;Quinilla;Micropholis casiquiarensis;;23.45;1.84;5.4;0 a 9.9;1.198.266;2.009.212;667142.45;9537345.84
3;12;;;Quinilla colorada;Micropholis egensis;;26.65;1.8;14.4;10 a 19.9;1.493.376;9.571.552;667145.65;9537345.8
3;13;;;Anonilla;Duguetia spixiana;;26.5;4.2;20.4;20 a 29.9;1.690.116;14.091.112;667145.5;9537348.2
3;14;;;Cumala;Otoba glycycarpa;;25.3;5.9;6.9;0 a 9.9;1.247.451;3.334.852;667144.3;9537349.9
4;1;;;Moena;Aniba hostmanniana;;36.8;4.9;5.7;0 a 9.9;1.208.103;2.276.428;667155.8;9537348.9
4;2;;;Pitón;Talisia macrophylla;;39.3;9.4;39.1;30 a 39.9;215.963.077;1.491.145.859;667158.3;9537353.4
4;3;;;Sapote;Matisia intricata;;34.3;8.1;11.9;10 a 19.9;1.411.401;7.565.152;667153.3;9537352.1
4;4;;;Machimango colorado;Eschweilera grandiflora;;35.5;7.3;7.7;0 a 9.9;1.273.683;4.031.188;667154.5;9537351.3
4;5;;;Hualaja;Zanthoxylum rhoifolium;;38;4.2;9.9;0 a 9.9;1.345.821;5.907.832;667157;9537348.2
4;6;;;Copal;Protium amazonicum;;33.1;6.3;8;0 a 9.9;128.352;42.904;667152.1;9537350.3
4;7;;;Requia;Guarea guidonia;;30.8;5.1;6.1;0 a 9.9;1.221.219;2.631.092;667149.8;9537349.1
4;8;;;Guayabillo del monte;Rinorea racemosa;;30.5;4.9;6.7;0 a 9.9;1.240.893;3.159.608;667149.5;9537348.9
4;9;;;Tangarana;Tachigali paniculata;;31.47;0.2;7;0 a 9.9;125.073;34.223;667150.47;9537344.2
4;10;;;Anonilla;Oxandra mediocris;;33.75;1;5.8;0 a 9.9;1.211.382;2.365.268;667152.75;9537345
4;11;;;Cedrillo;Trichilia tuberculata;;33.5;3.2;10.6;10 a 19.9;1.368.774;6.493.172;667152.5;9537347.2
4;12;;;Aguanillo;Pouteria guianensis;;34.2;5.5;42.8;40 a 49.9;1.860.760.685;1.498.724.859;667153.2;9537349.5
4;13;;;Cumala blanca;Virola calophylla;;35.3;5.5;6.8;0 a 9.9;1.244.172;3.247.288;667154.3;9537349.5
4;14;;;Anonilla;Cremastosperma cauliflorum;;36.35;2.9;6.2;0 a 9.9;1.224.498;2.719.468;667155.35;9537346.9
4;15;;;Cumala blanca;Virola calophylla;;38.15;3;14.9;10 a 19.9;1.249.774.628;9.825.434.649;667157.15;9537347
5;1;;;Moena;Sextonia pubescens;;49.1;5.9;12.2;10 a 19.9;1.421.238;7.809.748;667168.1;9537349.9
5;2;;;Aguanillo;Pouteria guianensis;;48.3;7.9;45;40 a 49.9;247.944.413;1.743.115.541;667167.3;9537351.9
5;3;;;Chimicua;Perebea guianensis;;43.25;8.1;14.5;10 a 19.9;1.496.655;96.503;667162.25;9537352.1
5;4;;;Isigo;Tapirira peckoltiana;;41.8;6.1;11;10 a 19.9;138.189;68.251;667160.8;9537350.1
5;5;;;Machimango;Eschweilera coriacea;;41.4;3.2;11.8;10 a 19.9;1.408.122;7.483.388;667160.4;9537347.2
5;6;;;Tamamuri;Leonia glycycarpa;;40.55;1.1;21.3;20 a 29.9;2.037.386.767;7.218.396.766;667159.55;9537345.1
5;7;;;Huito del monte;Randia armata;;42.97;3.8;9.2;0 a 9.9;1.322.868;5.316.808;667161.97;9537347.8
5;8;;;Carahuasca;Guatteria elata;;43.44;2.8;7.2;0 a 9.9;1.257.288;3.596.848;667162.44;9537346.8
5;9;;;Guayabillo del monte;Rinorea racemosa;;46.7;3.1;8.4;0 a 9.9;1.296.636;4.634.392;667165.7;9537347.1
5;10;;;Moena amarilla;Ocotea myriantha;;48.43;0.5;29.3;20 a 29.9;2.526.584.125;1.470.088.936;667167.43;9537344.5
5;11;;;Yutubanco;Guapira noxia;;48.55;3.9;23.5;20 a 29.9;1.791.765;162.626;667167.55;9537347.9
6;1;;;Achiotillo;Bixa orellana;;58.7;8.2;6.4;0 a 9.9;1.231.056;2.895.872;667177.7;9537352.2
6;2;;;Sapote del monte;Carpotroche longifolia;;56.2;9.2;15.2;10 a 19.9;1.519.608;10.198.288;667175.2;9537353.2
6;3;;;Peine de mono;Apeiba aspera;;56.4;8.2;44;40 a 49.9;2.215.355.671;1.124.445.777;667175.4;9537352.2
6;4;;;Requia;Guarea guidonia;;56;7.4;7.6;0 a 9.9;1.270.404;3.944.552;667175;9537351.4
6;5;;;Cumala;Virola duckei;;55.4;6.5;20;20 a 29.9;16.77;138.028;667174.4;9537350.5
6;6;;;Huacapusillo;Minquartia guianensis;;54.4;7.7;20;20 a 29.9;173.902.259;1.095.517.746;667173.4;9537351.7
6;7;;;Sacha quinilla;Manilkara bidentata;;53;8.3;18;10 a 19.9;161.142;123.334;667172;9537352.3
6;8;;;Fariña caspi ;Sloanea floribunda;;52.9;8.4;12;10 a 19.9;141.468;76.468;667171.9;9537352.4
6;9;;;Canilla de vieja;Duguetia spixiana;;52.4;9.1;7.6;0 a 9.9;1.270.404;3.944.552;667171.4;9537353.1
6;10;;;Canilla de vieja;Duguetia spixiana;;54.5;6.3;5.9;0 a 9.9;1.214.661;2.453.992;667173.5;9537350.3
6;11;;;Cumala;Virola duckei;;53.56;3.9;10.3;10 a 19.9;1.358.937;6.243.008;667172.56;9537347.9
6;12;;;Yutubanco;Drypetes nitida;;54.3;3.9;28.5;20 a 29.9;2.296.986.396;1.747.321.626;667173.3;9537347.9
6;13;;;Mullohuayo;Otoba parviflora;;58.1;1.9;43;40 a 49.9;2.825.915.308;2.226.598.017;667177.1;9537345.9
6;14;;;Cumala;Virola duckei;;57.1;0.3;12;10 a 19.9;141.468;76.468;667176.1;9537344.3
6;15;;;Cafecillo del monte;Faramea glandulosa;;55.64;0.28;6.7;0 a 9.9;1.240.893;3.159.608;667174.64;9537344.28
6;16;;;Cumala;Virola duckei;;55.99;3.1;5.9;0 a 9.9;1.214.661;2.453.992;667174.99;9537347.1
7;1;;;Copal;Protium amazonicum;;69.99;9.5;11.6;10 a 19.9;1.401.564;7.319.512;667188.99;9537353.5
7;2;;;Requia;Guarea pubescens;;66.15;8.1;6.5;0 a 9.9;1.234.335;29.839;667185.15;9537352.1
7;3;;;Pashaco;Zygia latifolia;;64.25;9.6;10.3;10 a 19.9;1.358.937;6.243.008;667183.25;9537353.6
7;4;;;Shimbillo;Inga ruiziana;;61.4;7;14.7;10 a 19.9;1.727.301.146;9.528.464.333;667180.4;9537351
7;5;;;Guayabillo;Calyptranthes macrophylla;;61.55;2.8;7;0 a 9.9;125.073;34.223;667180.55;9537346.8
7;6;;;Requia;Guarea pterorhachis;;62.87;1.2;10.5;10 a 19.9;1.365.495;64.099;667181.87;9537345.2
7;7;;;Copal;Protium divaricatum;;63.18;0.4;5.3;0 a 9.9;1.194.987;1.919.908;667182.18;9537344.4
7;8;;;Copal;Protium amazonicum;1.55;64.15;2.8;21.1;20 a 29.9;1.810.754.694;1.190.562.048;667183.15;9537346.8
7;9;;;Chimicua;Perebea guianensis;;63.85;3.7;13.8;10 a 19.9;1.473.702;9.096.628;667182.85;9537347.7
7;10;;;Yacushapana;Terminalia corrugata;;64.4;4.4;5.6;0 a 9.9;1.204.824;2.187.472;667183.4;9537348.4
7;11;;;Cumala;Otoba glycycarpa;;64.93;2.6;8.7;0 a 9.9;1.306.473;4.891.168;667183.93;9537346.6
7;12;;;Metohuayo;Caryodendron orinocense;;66.1;2.6;6.7;0 a 9.9;1.240.893;3.159.608;667185.1;9537346.6
7;13;;;Urin huayo;Sloanea durissima;;66.65;1.7;7.5;0 a 9.9;1.267.125;38.578;667185.65;9537345.7
7;14;;;Quinilla;Ecclinusa ramiflora;;68.5;0.8;5.4;0 a 9.9;1.198.266;2.009.212;667187.5;9537344.8
7;15;;;Requia;Guarea pubescens;;69.73;2.1;7.8;0 a 9.9;1.276.962;4.117.708;667188.73;9537346.1
7;16;;;Requia;Guarea grandiflora;;68.7;4.1;6.5;0 a 9.9;1.234.335;29.839;667187.7;9537348.1
7;17;;;Cumala blanca;Virola albidiflora;;69;6;24.5;20 a 29.9;1.990.114.057;1.718.515.478;667188;9537350
7;18;;;Lúcuma del monte;Mouriri myrtifolia;;67.35;4.4;10.8;10 a 19.9;1.375.332;6.659.368;667186.35;9537348.4
7;19;;;Yutubanco;Drypetes nitida;;66.96;4.2;5.5;0 a 9.9;1.201.545;20.984;667185.96;9537348.2
7;20;;;Cedrillo;Trichilia septentrionalis;;66.5;4.9;40;40 a 49.9;228.057.935;1.734.840.757;667185.5;9537348.9
7;21;;;Yutubanco;Guapira noxia;;65.45;6.7;9.1;0 a 9.9;1.319.589;5.231.912;667184.45;9537350.7
7;22;;;Requia;Guarea purusana;;63.9;5;5.3;0 a 9.9;1.194.987;1.919.908;667182.9;9537349
8;1;;;Carahuasca;Guatteria boliviana;;78.65;7.1;6.9;0 a 9.9;1.247.451;3.334.852;667197.65;9537351.1
8;2;;;Chimicua;Perebea guianensis;;78.45;8.7;26;20 a 29.9;2.146.979.841;127.570.789;667197.45;9537352.7
8;3;;;Caimitillo;Chrysophyllum colombianum;;76.3;7.7;5.3;0 a 9.9;1.194.987;1.919.908;667195.3;9537351.7
8;4;;;Chimicua;Perebea guianensis;;72.8;7.5;13.4;10 a 19.9;1.460.586;8.777.692;667191.8;9537351.5
8;5;;;Quinilla;Pouteria bilocularis;;70.43;8.2;16.3;10 a 19.9;1.555.677;11.047.928;667189.43;9537352.2
8;6;;;Moena;Ocotea olivacea;;71.3;4;7;0 a 9.9;125.073;34.223;667190.3;9537348
8;7;;;Caimitillo;Helicostylis scabra;;71.95;3.1;7.7;0 a 9.9;1.273.683;4.031.188;667190.95;9537347.1
8;8;;;Tangarana;Nealchornea yapurensis;;73.8;1.9;9.9;0 a 9.9;1.345.821;5.907.832;667192.8;9537345.9
8;9;;;Añallu caspi;Swartzia racemosa;;73.15;2.9;7.5;0 a 9.9;1.267.125;38.578;667192.15;9537346.9
8;10;;;Chimicua;Perebea xanthochyma;;73.15;3;18.7;10 a 19.9;1.634.373;12.852.968;667192.15;9537347
8;11;;;Anonilla;Rollinia pittieri;2.3;75.55;2;47;40 a 49.9;256.233;290.983;667194.55;9537346
8;12;;;Caimitillo;Pouteria guianensis;2.35;76.7;2.3;24.1;20 a 29.9;1.811.439;16.670.012;667195.7;9537346.3
8;13;;;Cumala;Virola multinervia;;77.7;2;10.4;10 a 19.9;1.362.216;6.326.512;667196.7;9537346
8;14;;;Canilla de vieja;Duguetia spixiana;;76.97;4;11;10 a 19.9;138.189;68.251;667195.97;9537348
8;15;;;Moena;Sextonia pubescens;;77.53;0.16;5.4;0 a 9.9;1.198.266;2.009.212;667196.53;9537344.16
8;16;;;Parinari;Licania apetala;;75.35;5.6;16.2;10 a 19.9;1.552.398;10.971.268;667194.35;9537349.6
8;17;;;Yutubanco;Podocalyx loranthoides;;78.38;1.6;5.2;0 a 9.9;1.191.708;1.830.488;667197.38;9537345.6
9;1;;;Sacha parinari;Parinari excelsa;;87.5;9.9;7.3;0 a 9.9;1.260.567;3.683.948;667206.5;9537353.9
9;2;;;Cumala;Virola duckei;;84.35;7;10.6;10 a 19.9;1.368.774;6.493.172;667203.35;9537351
9;3;;;Níspero del monte;Sorocea hirtella;;84.8;5.6;21.6;20 a 29.9;1.584.065.515;9.372.508.032;667203.8;9537349.6
9;4;;;Guaba;Inga tenuistipula;;80.4;6.2;6.3;0 a 9.9;1.227.777;2.807.728;667199.4;9537350.2
9;5;;;Parinari;Hirtella racemosa;;80.75;5.5;11;10 a 19.9;126.072.251;5.958.660.672;667199.75;9537349.5
9;6;;;Palo de garza;Lindackeria paludosa;;81.64;0.2;15;10 a 19.9;1.197.892.998;9.906.414.345;667200.64;9537344.2
9;7;;;Palo de sangre;Batocarpus amazonicus;;84.7;5.7;12.8;10 a 19.9;1.440.912;8.295.808;667203.7;9537349.7
9;8;;;Quinilla;Micropholis guyanensis;;85.25;0.8;8.3;0 a 9.9;1.293.357;4.548.568;667204.25;9537344.8
9;9;;;Espintana;Xylopia benthamii;;86.56;1.8;6;0 a 9.9;121.794;25.426;667205.56;9537345.8
9;10;;;Añallu caspi;Swartzia schunkei;;87.36;0.5;6.1;0 a 9.9;1.221.219;2.631.092;667206.36;9537344.5
9;11;;;Tangarana;Triplaris americana;;89.3;1.1;9.6;0 a 9.9;1.335.984;5.655.232;667208.3;9537345.1
9;12;;;Copal;Protium amazonicum;;87.15;3.6;14;10 a 19.9;1.734.725.844;9.658.092.752;667206.15;9537347.6
9;13;;;Cumala colorada;Virola calophylla;;85.5;4.9;7.5;0 a 9.9;1.267.125;38.578;667204.5;9537348.9
10;1;;;Pashaco;Parkia velutina;;94.4;6.9;18.6;10 a 19.9;23;18.3;667213.4;9537350.9
10;2;;;Copal;Protium amazonicum;;91.4;8.9;12.8;10 a 19.9;19;15.6;667210.4;9537352.9
10;3;;;Carahuasca;Guatteria chrysophylla;;90.8;9.3;7.9;0 a 9.9;13.55;12.16;667209.8;9537353.3
10;4;;;Tangarana;Tachigali ptychophysca;;93.4;4.3;10.3;10 a 19.9;22.1;15.5;667212.4;9537348.3
10;5;;;Cedrillo;Trichilia septentrionalis;;93.46;2.8;14.9;10 a 19.9;14;6.15;667212.46;9537346.8
10;6;;;Tangarana;Triplaris americana;;93.77;0.2;9;0 a 9.9;19.7;13.5;667212.77;9537344.2
10;7;;;Guaba;Inga heterophylla;;94.4;0.3;63.9;60 a 69.9;28.1;17.4;667213.4;9537344.3
10;8;;;Guayabillo del monte;Rinorea viridifolia;;98.55;1.6;5.7;0 a 9.9;11.12;6.1;667217.55;9537345.6
10;9;;;Catahua;Sapium glandulosum;;99.3;1.4;49.5;40 a 49.9;3.172.121.825;20.6;667218.3;9537345.4
10;10;;;Copal;Protium amazonicum;;98.2;4.1;20.3;20 a 29.9;20.2;12.2;667217.2;9537348.1
10;11;;;Cumala;Virola elongata;;98.7;4.7;5.7;0 a 9.9;8.77;6.3;667217.7;9537348.7
10;12;;;Guayabillo;Psidium guajava;;99.73;7.6;5.6;0 a 9.9;11.8;6.2;667218.73;9537351.6
10;13;;;Machimango;Eschweilera albiflora;;96.15;8.7;8.5;0 a 9.9;13.27;4.17;667215.15;9537352.7
11;1;;;Fariña caspi ;Sloanea floribunda;;97.45;14.6;15.1;10 a 19.9;1.411.540.871;9.878.997.647;667216.45;9537358.6
11;2;;;Copal;Protium amazonicum;;90.7;16.7;14.5;10 a 19.9;1.496.655;96.503;667209.7;9537360.7
11;3;;;Yacushapana;Terminalia corrugata;;92.45;14.8;11.6;10 a 19.9;1.401.564;7.319.512;667211.45;9537358.8
11;4;;411;Chambira;Astrocaryum chambira;;92.95;11.44;34;30 a 39.9;2.518.310.259;1.998.738.082;667211.95;9537355.44
12;1;;;Moena;Ocotea spp;2.5;89.9;12.8;48;40 a 49.9;259.512;295.024;667208.9;9537356.8
12;2;;;Renaco;Coussapoa crassivenosa;2.2;89.4;13.1;40;40 a 49.9;23.328;259.448;667208.4;9537357.1
12;3;;;Yutubanco;Pausandra trianae;;87.25;18.9;15.5;10 a 19.9;1.529.445;104.314;667206.25;9537362.9
12;4;;;Requia;Guarea guidonia;;86;18.3;25;20 a 29.9;1.564.221.833;9.158.970.698;667205;9537362.3
12;5;;;Tangarana;Triplaris americana;;85.1;18.3;11.8;10 a 19.9;1.408.122;7.483.388;667204.1;9537362.3
12;6;;;Huarmicaspi;Heisteria spp;;82.42;12.6;10.1;10 a 19.9;1.352.379;6.075.652;667201.42;9537356.6
12;7;;;Copal;Protium amazonicum;;81.76;12.33;10.1;10 a 19.9;1.352.379;6.075.652;667200.76;9537356.33
12;8;;;Sacha parinari;Parinari excelsa;;85.75;12.9;12.1;10 a 19.9;1.417.959;7.728.332;667204.75;9537356.9
12;9;;;Carahuasca;Guatteria elata;;86.75;12.9;13.7;10 a 19.9;1.470.423;9.017.068;667205.75;9537356.9
12;10;;;Moena ;Ocotea spp;;87.9;12.6;12;10 a 19.9;141.468;76.468;667206.9;9537356.6
12;11;;;Yutubanco;Neea floribunda;;88.7;12.3;10;10 a 19.9;13.491;59.918;667207.7;9537356.3
13;1;;;Añallu caspi;Vatairea erythrocarpa;;77.7;13.3;45;40 a 49.9;2.576.063.819;1.907.530.236;667196.7;9537357.3
13;2;;;Añallu caspi;Vatairea erythrocarpa;;76.7;15.6;18.7;10 a 19.9;1.634.373;12.852.968;667195.7;9537359.6
13;3;;;Aguanillo;Pouteria guianensis;;77.15;16;22.8;20 a 29.9;1.768.812;15.782.008;667196.15;9537360
13;4;;;Sacha parinari;Parinari excelsa;;74;17.6;11.4;10 a 19.9;1.395.006;7.155.172;667193;9537361.6
13;5;;;Guayabilla del monte;Dialium guianense;;71.2;16.4;11.9;10 a 19.9;1.411.401;7.565.152;667190.2;9537360.4
13;6;;;Limón del monte;Siparuna bifida;;73.6;10.3;13;10 a 19.9;144.747;84.569;667192.6;9537354.3
13;7;;;Moena;Ocotea myriantha;;74.65;10.4;33;30 a 39.9;2.298.781.584;2.093.591.274;667193.65;9537354.4
14;1;;;Pashaquilla;Calliandra trinervia;;69.15;14.6;23;20 a 29.9;177.537;159.199;667188.15;9537358.6
14;2;;;Cumala;Virola duckei;;67.3;17.4;15;10 a 19.9;151.305;100.423;667186.3;9537361.4
14;3;;411;Cashapona;Socratea exorrhiza;1.1;64.2;18.2;13.5;10 a 19.9;1.463.865;88.576;667183.2;9537362.2
14;4;;;Cacao;Theobroma cacao;;62.5;19.1;12.7;10 a 19.9;1.437.633;8.215.088;667181.5;9537363.1
14;5;;;Chimicua;Perebea guianensis;2.7;63.7;18.1;35.5;30 a 39.9;2.185.245;236.174;667182.7;9537362.1
14;6;;;Aguanillo;Pouteria guianensis;;62.1;14.8;14.4;10 a 19.9;1.493.376;9.571.552;667181.1;9537358.8
14;7;;;Pashaco;Parkia velutina;;60.94;10.2;18.1;10 a 19.9;1.614.699;12.407.972;667179.94;9537354.2
14;8;;;Copal;Protium amazonicum;;63.73;10.41;14.1;10 a 19.9;1.483.539;9.334.612;667182.73;9537354.41
14;9;;;Shimbillo;Inga ruiziana;;69.78;13.1;16.3;10 a 19.9;2.030.162.686;1.157.117.986;667188.78;9537357.1
14;10;;;Limón del monte;Siparuna aspera;;64.8;15.2;14;10 a 19.9;148.026;92.554;667183.8;9537359.2
15;1;;;Boa caspi;Xylopia spp;;59.8;14;15.2;10 a 19.9;1.519.608;10.198.288;667178.8;9537358
15;2;;;Requia;Guarea guidonia;;59.6;19;10.7;10 a 19.9;1.372.053;6.576.328;667178.6;9537363
15;3;;;Sacha parinari;Parinari excelsa;;51.3;13;12.4;10 a 19.9;1.427.796;7.972.232;667170.3;9537357
15;4;;;Quinilla;Micropholis venulosa;;53.7;12.4;11;10 a 19.9;138.189;68.251;667172.7;9537356.4
15;5;;411;Huicungo;Astrocaryum murumuru;1.6;58.5;13.2;19;10 a 19.9;164.421;130.739;667177.5;9537357.2
15;6;;;Yutubanco;Tetrathylacium macrophyllum;;;;;;;;;
16;1;;;Aguanillo;Pouteria guianensis;;48.5;19.3;23.8;20 a 29.9;1.801.602;16.466.828;667167.5;9537363.3
16;2;;;Requia;Guarea megantha;;46.8;14.9;11;10 a 19.9;138.189;68.251;667165.8;9537358.9
16;3;;;Carahuasca;Guatteria elata;;46.3;14.9;13.2;10 a 19.9;1.454.028;8.617.528;667165.3;9537358.9
16;4;;;Moena;Ocotea spp;;42;10;14;10 a 19.9;148.026;92.554;667161;9537354
16;5;;;Añallu caspi;Swartzia racemosa;;46.2;14.8;12.2;10 a 19.9;1.421.238;7.809.748;667165.2;9537358.8
17;1;;;Cumala;Virola duckei;;37.4;16.6;15.4;10 a 19.9;1.526.166;10.353.812;667156.4;9537360.6
17;2;;;Canilla de vieja;Duguetia spixiana;;31.5;15.5;11.9;10 a 19.9;1.411.401;7.565.152;667150.5;9537359.5
17;3;;;Cumala;Virola duckei;;33.6;15.1;17.7;10 a 19.9;1.601.583;12.108.988;667152.6;9537359.1
17;4;;;Moena;Ocotea spp;;34.9;11.3;19;10 a 19.9;153.054.274;1.411.830.526;667153.9;9537355.3
17;5;;;Limón del monte;Siparuna decipiens;2.1;33.5;10;14.9;10 a 19.9;1.509.771;9.964.132;667152.5;9537354
17;6;;;Cumalilla;Virola elongata;2.3;39.6;14.2;10.5;10 a 19.9;1.365.495;64.099;667158.6;9537358.2
17;7;;;Moena;Ocotea spp;;37.4;12.3;21;20 a 29.9;170.979;145.201;667156.4;9537356.3
18;1;;;Aguanillo;Pouteria guianensis;;23.4;18.3;28.1;20 a 29.9;1.942.599;19.279.372;667142.4;9537362.3
18;2;;;Parinari;Licania canescens;1.9;20.5;18;45.5;40 a 49.9;2.513.145;284.704;667139.5;9537362
18;3;;;Añallu caspi;Swartzia pendula;;25;12.6;11.11;10 a 19.9;13.854.969;691.605.482;667144;9537356.6
18;4;;;Quina quina;Aspidosperma rigidum;;26.25;12.3;17.5;10 a 19.9;1.595.025;119.588;667145.25;9537356.3
18;5;;;Pata de vaca;Bauhinia tarapotense;;29.8;14.3;11.7;10 a 19.9;1.404.843;7.401.508;667148.8;9537358.3
18;6;;;Guaba;Inga yasuniana;;27.6;15;14.5;10 a 19.9;1.496.655;96.503;667146.6;9537359
19;1;;;Cumala;Virola duckei;;11.5;19.4;13.7;10 a 19.9;1.470.423;9.017.068;667130.5;9537363.4
19;2;;;Canilla de vieja;Duguetia spixiana;;11.6;17.4;11;10 a 19.9;138.189;68.251;667130.6;9537361.4
19;3;;;Sacha parinari;Parinari excelsa;;11.3;12.7;28.9;20 a 29.9;1.968.831;19.778.972;667130.3;9537356.7
19;4;;;Guayabillo;Eugenia dibrachiata;;12.8;12.6;13.8;10 a 19.9;1.473.702;9.096.628;667131.8;9537356.6
19;5;;;Fariña caspi ;Sloanea floribunda;;17.85;11.6;14.9;10 a 19.9;1.676.816.833;9.624.558.924;667136.85;9537355.6
19;6;;;Carahuasca;Guatteria elata;;19.9;12.6;15.1;10 a 19.9;7.523.480.508;5.289.294.357;667138.9;9537356.6
19;7;;;Fariña caspi ;Sloanea floribunda;;19.2;14.8;19.3;10 a 19.9;1.654.047;13.293.788;667138.2;9537358.8
19;8;;;Cumala;Iryanthera juruensis;;15.6;14.5;20.3;20 a 29.9;1.686.837;14.019.208;667134.6;9537358.5
20;1;;;Quillosisa;Vochysia braceliniae;;7.1;19.4;36.8;30 a 39.9;2.227.872;24.313.888;667126.1;9537363.4
20;2;;;Copal;Protium amazonicum;;1.15;17.9;21.1;20 a 29.9;1.713.069;14.591.192;667120.15;9537361.9
20;3;;;Machimango;Eschweilera bracteosa;;5;13.5;10.8;10 a 19.9;1.375.332;6.659.368;667124;9537357.5
20;4;;;Machimango;Eschweilera parvifolia;1.4;5.55;10.41;13.5;10 a 19.9;1.463.865;88.576;667124.55;9537354.41
20;5;;;Sangre de grado;Pterocarpus santalinoides;3.4;4.9;16.3;47;40 a 49.9;256.233;290.983;667123.9;9537360.3
21;1;;;Chimicua;Perebea xanthochyma;;0.6;21.25;13.2;10 a 19.9;1.454.028;8.617.528;667119.6;9537365.25
21;2;;;Palo cana;Sterigmapetalum obovatum;;1.1;21.5;20.9;20 a 29.9;17;13.15;667120.1;9537365.5
21;3;;;Quina quina;Quiina florida;;1.6;22.21;6;0 a 9.9;5.94;3.96;667120.6;9537366.21
21;4;;;Shiringa;Hevea pauciflora var. coriacea;;1.8;22.33;6.2;0 a 9.9;13.35;8.3;667120.8;9537366.33
21;5;;;Cafecillo del monte;Lacistema aggregatum;;1.85;23.8;6.1;0 a 9.9;7.28;4;667120.85;9537367.8
21;6;;;Anonilla;Trigynaea duckei;;3.1;24.54;7.3;0 a 9.9;10;7.4;667122.1;9537368.54
21;7;;;Machimango;Eshweilera albiflora;;3.4;23.3;21.1;20 a 29.9;30.8;27.35;667122.4;9537367.3
21;8;;;Guabilla;Dialium guianense;;6.35;21.2;6.9;0 a 9.9;8.66;3.8;667125.35;9537365.2
21;9;;;Copal;Protium divaricatum;;6.9;23.3;14.1;10 a 19.9;16.4;10.9;667125.9;9537367.3
21;10;;;Carahuasca;Guatteria elata;;7.3;24.7;6.5;0 a 9.9;10.85;3.95;667126.3;9537368.7
21;11;;;Anonilla;Anaxagorea brevipes;;8.35;21.1;8;0 a 9.9;8.36;4.5;667127.35;9537365.1
21;12;;;Tortuga caspi;Duguetia latifolia;;8.35;20.93;8;0 a 9.9;15;8.1;667127.35;9537364.93
21;13;;;Copal;Dacryodes peruviana;;8.7;21;15;10 a 19.9;20.8;13.27;667127.7;9537365
21;66;;411;Chambira;Astrocaryum chambira;;5.3;26;27;20 a 29.9;34.4;28.9;667124.3;9537370
22;1;;;Yarina;Phytelephas macrocarpa;;11.2;26.2;13;10 a 19.9;144.747;84.569;667130.2;9537370.2
22;2;;;Shimbillo;Inga ruiziana;;10.5;23;31.9;30 a 39.9;2.067.201;21.586.352;667129.5;9537367
23;1;;;Huacapusillo;Minquartia guianensis;;20.2;22.5;13.4;10 a 19.9;1.460.586;8.777.692;667139.2;9537366.5
23;2;;;Chullachaqui caspi;Caraipa utilis;;23.9;21.9;10.4;10 a 19.9;1.362.216;6.326.512;667142.9;9537365.9
23;3;;;Shimbillo;Inga ruiziana;;26.25;21.5;20.3;20 a 29.9;1.686.837;14.019.208;667145.25;9537365.5
23;4;;;Caimitillo;Pouteria guianensis;;27.5;20.4;11.2;10 a 19.9;1.388.448;6.990.368;667146.5;9537364.4
24;1;;;Sacha parinari;Parinari excelsa;;38;24.6;10.8;10 a 19.9;1.375.332;6.659.368;667157;9537368.6
24;2;;;Huarmicaspi;Heisteria spp;;37.4;25.2;10.5;10 a 19.9;1.365.495;64.099;667156.4;9537369.2
24;3;;;Carahuasca;Guatteria elata;;32.4;25.7;25.1;20 a 29.9;1.844.229;17.339.752;667151.4;9537369.7
24;4;;;Chimicua;Perebea guianensis;;32.26;21.8;14.1;10 a 19.9;1.483.539;9.334.612;667151.26;9537365.8
25;1;;;Moena;Ocotea spp;;48.2;26.2;20;20 a 29.9;16.77;138.028;667167.2;9537370.2
25;2;;411;Huicungo;Astrocaryum murumuru;;48.6;29;15;10 a 19.9;151.305;100.423;667167.6;9537373
25;3;;;Quillosisa;Vochysia braceliniae;;42.65;20.5;21.4;20 a 29.9;1.722.906;14.803.772;667161.65;9537364.5
25;4;;;Anonilla;Fusaea longifolia;;44.8;20.6;13;10 a 19.9;144.747;84.569;667163.8;9537364.6
25;5;;;Machimango;Eschweilera albiflora;;45.35;22.5;29.3;20 a 29.9;1.981.947;20.025.988;667164.35;9537366.5
25;6;;;Tamamuri;Leonia glycycarpa;;46.27;24.1;17.3;10 a 19.9;1.588.467;11.808.148;667165.27;9537368.1
26;1;;;Parinari;Licania apetala;1.88;59.55;26.3;35.7;30 a 39.9;2.191.803;23.725.828;667178.55;9537370.3
26;2;;;Cetico;Cecropia distachya;1.57;57.4;26.9;30;30 a 39.9;20.049;204.538;667176.4;9537370.9
26;3;;;Carahuasca;Guatteria elata;;56.5;27.2;15.3;10 a 19.9;1.522.887;10.276.108;667175.5;9537371.2
26;4;;;Guayabillo;Calyptranthes krugioides;;55.7;28;13.1;10 a 19.9;1.450.749;8.537.272;667174.7;9537372
26;5;;;Caimitillo;Pouteria guianensis;;51.5;20.6;14;10 a 19.9;148.026;92.554;667170.5;9537364.6
26;6;;;Machimango;Eschweilera albiflora;;59.35;21.4;13.4;10 a 19.9;1.460.586;8.777.692;667178.35;9537365.4
26;7;;;copal;Protium amazonicum;;55.7;22.8;11.4;10 a 19.9;1.395.006;7.155.172;667174.7;9537366.8
26;8;;;Limoncillo;Siparuna guianensis;;56.7;24.5;29.9;20 a 29.9;2.001.621;20.393.032;667175.7;9537368.5
27;1;;;Sacha mango;Grias neuberthii;;64.3;27.8;16;10 a 19.9;154.584;108.176;667183.3;9537371.8
27;2;;;Machimango;Eschweilera albiflora;;65.5;26.7;14.8;10 a 19.9;1.336.004.759;1.182.561.675;667184.5;9537370.7
28;1;;;Machimango;Eschweilera albiflora;;76.7;23.7;41.9;40 a 49.9;2.395.101;26.856.952;667195.7;9537367.7
28;2;;;Copal;Protium amazonicum;;74.6;26.7;12.7;10 a 19.9;1.820.479.137;1.033.543.269;667193.6;9537370.7
28;3;;;Fariña caspi ;Sloanea floribunda;;73.8;24.8;12.3;10 a 19.9;1.300.206.708;5.983.502.583;667192.8;9537368.8
28;4;;;Pashaco;Parkia velutina;;71.25;22.2;19.8;10 a 19.9;1.670.442;13.657.948;667190.25;9537366.2
28;5;;;Shimbillo;Inga ruiziana;1.85;72.1;22.2;29.2;20 a 29.9;1.978.668;19.964.408;667191.1;9537366.2
28;6;;;Quinilla;Ecclinusa ramiflora;;73.17;23.4;13.2;10 a 19.9;1.454.028;8.617.528;667192.17;9537367.4
28;7;;;Cacahuillo;Theobroma speciosum;;77.7;25.3;19.8;10 a 19.9;1.670.442;13.657.948;667196.7;9537369.3
29;1;;;Shimbillo;Inga ruiziana;1.65;81.8;25.8;23.6;20 a 29.9;1.795.044;16.330.792;667200.8;9537369.8
29;2;;;Guaba;Inga heterophylla;;80.55;23.3;40;40 a 49.9;2.234.714.861;1.443.856.051;667199.55;9537367.3
29;3;;;Caimitillo;Pouteria guianensis;;86.8;27.4;16.7;10 a 19.9;1.568.793;11.353.408;667205.8;9537371.4
30;1;;;Cumala;Virola duckei;;93.13;27.9;15.8;10 a 19.9;1.539.282;10.663.468;667212.13;9537371.9
30;2;;;Cacao del monte;Theobroma obovatum;;91.8;26.8;24.2;20 a 29.9;1.814.718;16.737.508;667210.8;9537370.8
30;3;;;Canilla de vieja;Duguetia spixiana;;90.2;26.36;15.1;10 a 19.9;1.516.329;10.120.352;667209.2;9537370.36
30;4;;;Machimango;Eschweilera albiflora;1.6;97.8;24;37.6;30 a 39.9;2.254.104;24.732.752;667216.8;9537368
30;5;;;Chimicua;Perebea guianensis;;97.1;28.7;15.3;10 a 19.9;1.522.887;10.276.108;667216.1;9537372.7
30;6;;;Cumala;Virola duckei;;96.9;28.8;10.5;10 a 19.9;1.365.495;64.099;667215.9;9537372.8
30;7;;;Tahuari;Handroanthus serratifolius;;93.9;25;70.6;70 a 79.9;3.467.473;2.292.822.978;667212.9;9537369
31;1;;111;Canilla de vieja;Duguetia spixiana;;96.7;36.5;10;10 a 19.9;13.491;59.918;667215.7;9537380.5
31;2;;111;Machimango;Eschweilera albiflora;;97.8;36.5;11.4;10 a 19.9;1.395.006;7.155.172;667216.8;9537380.5
31;3;;111;Parinari;Licania apetala;;100;37.5;19.3;10 a 19.9;1.654.047;13.293.788;667219;9537381.5
31;4;;111;Cumala caupuri;Virola pavonis;3m;94.1;34.4;62;60 a 69.9;305.418;339.418;667213.1;9537378.4
31;5;;111;Machimango;Eschweilera albiflora;;93.5;30;37;30 a 39.9;223.443;244.193;667212.5;9537374
31;6;;111;Fariña caspi ;Sloanea floribunda;;99;33.8;12.6;10 a 19.9;1.434.354;8.134.252;667218;9537377.8
31;7;;111;Añallu caspi;Swartzia calva;;99.5;33.9;11.8;10 a 19.9;1.408.122;7.483.388;667218.5;9537377.9
32;1;;111;Canilla de vieja;Duguetia spixiana;;84.4;34.8;16.7;10 a 19.9;1.568.793;11.353.408;667203.4;9537378.8
32;2;;111;Copal;Protium hebetatum;2.4;85.2;34.8;54;50 a 59.9;2.586.047.889;1.946.081.049;667204.2;9537378.8
32;3;;111;Achiotillo;Bixa orellana;;84.9;30.08;25.5;20 a 29.9;1.857.345;176.044;667203.9;9537374.08
32;4;;111;Pashaco;Parkia velutina;3m;87.7;35.9;70;70 a 79.9;2.920.562.674;2.525.364.685;667206.7;9537379.9
33;1;;;Fariña caspi ;Sloanea floribunda;;76;36.6;10.5;10 a 19.9;1.365.495;64.099;667195;9537380.6
33;2;;;Quinilla;Pouteria cuspidata;;72.5;38.2;12.1;10 a 19.9;1.417.959;7.728.332;667191.5;9537382.2
33;3;;;Requia;Guarea guidonia;;71;36.5;11.3;10 a 19.9;1.391.727;7.072.828;667190;9537380.5
33;4;;;Cumala;Virola duckei;2.5;70.7;33.6;54;50 a 59.9;279.186;316.834;667189.7;9537377.6
33;5;;;Shimbillo;Inga ruiziana;;70.4;31.5;13;10 a 19.9;144.747;84.569;667189.4;9537375.5
33;6;;;Cumala caupuri;Virola pavonis;;78.1;30.07;13.3;10 a 19.9;1.457.307;8.697.668;667197.1;9537374.07
33;7;;;Shimbillo;Inga ruiziana;;77.8;32.5;15.4;10 a 19.9;1.526.166;10.353.812;667196.8;9537376.5
34;1;;;Anonillo;Rollinia pittieri;;67;37.2;65.3;60 a 69.9;3.162.387;34.657.108;667186;9537381.2
34;2;;;Rifari;Rinorea flavescens;;67.2;38;10.5;10 a 19.9;1.365.495;64.099;667186.2;9537382
34;3;;;Machimango;Eschweilera albiflora;;61.7;35.8;14.6;10 a 19.9;1.499.934;9.728.932;667180.7;9537379.8
34;4;;;Requia;Guarea guidonia;;61.3;35.9;11.2;10 a 19.9;1.388.448;6.990.368;667180.3;9537379.9
34;5;;;Remo caspi;Aspidosperma excelsum;1.9;62.2;33.3;35;30 a 39.9;216.885;233.443;667181.2;9537377.3
34;6;;;Tangarana;Triplaris americana;;62.8;32.5;11;10 a 19.9;138.189;68.251;667181.8;9537376.5
34;7;;;Copal;Protium amazonicum;;65.9;31.1;12.5;10 a 19.9;1.431.075;80.533;667184.9;9537375.1
34;8;;;Punga;Pseudobombax munguba;;66.2;31.2;17.6;10 a 19.9;1.598.304;12.033.952;667185.2;9537375.2
34;9;;;Shimbillo;Inga ruiziana;;68.86;31.2;17.3;10 a 19.9;1.588.467;11.808.148;667187.86;9537375.2
35;1;;;Canilla de vieja;Duguetia spixiana;;56;36.8;23.7;20 a 29.9;1.798.323;16.398.868;667175;9537380.8
35;2;;;Quinilla;Pouteria cuspidata;;53.9;38;11.1;10 a 19.9;1.385.169;6.907.792;667172.9;9537382
35;3;;;Aguanillo;Pouteria guianensis;;53.6;36.5;16.2;10 a 19.9;1.552.398;10.971.268;667172.6;9537380.5
35;4;;;Parinari;Licania apetala;;53.6;36.1;13;10 a 19.9;144.747;84.569;667172.6;9537380.1
35;5;;;Machimango;Eschweilera albiflora;;54.3;34.2;22.1;20 a 29.9;1.745.859;15.295.732;667173.3;9537378.2
35;6;;;Aguanillo;Pouteria guianensis;;50;34.1;23.2;20 a 29.9;1.781.928;16.057.328;667169;9537378.1
35;7;;;Palo de sangre;Batocarpus costaricensis;;50;36.2;21.9;20 a 29.9;1.739.301;15.155.752;667169;9537380.2
36;1;;;Quinilla;Pouteria cuspidata;;44.8;35.6;23;20 a 29.9;177.537;159.199;667163.8;9537379.6
36;2;;;Requia;Guarea guidonia;;44.7;38.3;12.2;10 a 19.9;1.421.238;7.809.748;667163.7;9537382.3
36;3;;;Cacao;Theobroma cacao;;42.1;36.3;13.2;10 a 19.9;1.454.028;8.617.528;667161.1;9537380.3
36;4;;;Pashaco;Parkia velutina;2.3;43.35;35.2;62;60 a 69.9;305.418;339.418;667162.35;9537379.2
36;5;;;Cacao colorado;Theobroma cacao;;40.9;31.7;16.4;10 a 19.9;1.558.956;11.124.472;667159.9;9537375.7
36;6;;;Requia;Guarea guidonia;;49.8;32.6;15.1;10 a 19.9;1.516.329;10.120.352;667168.8;9537376.6
36;7;;;Machimango;Eschweilera albiflora;;48.45;34.5;20.9;20 a 29.9;1.706.511;14.448.892;667167.45;9537378.5
37;1;;;Sacha quinilla;Manilkara bidentata;;35.2;35.8;11.4;10 a 19.9;1.395.006;7.155.172;667154.2;9537379.8
37;2;;;Guayabillo;Calyptranthes krugioides;;34.4;35.6;11.4;10 a 19.9;1.395.006;7.155.172;667153.4;9537379.6
37;3;;;Shiringa;Hevea pauciflora var. coriacea;;31.1;38.2;40.1;40 a 49.9;2.336.079;25.993.852;667150.1;9537382.2
37;4;;;Sacha uvilla;Pourouma ovata;1.8;32.15;34.08;17.1;10 a 19.9;1.581.909;11.657.032;667151.15;9537378.08
37;5;;;Sacha limón;Miconia elata;;32.55;33.7;24.1;20 a 29.9;1.811.439;16.670.012;667151.55;9537377.7
37;6;;;Copal;Protium amazonicum;;37.57;31.8;10.8;10 a 19.9;1.375.332;6.659.368;667156.57;9537375.8
37;7;;;Añallu caspi;Dicymbe uaiparuensis;;37.6;34.2;27.5;20 a 29.9;1.922.925;188.998;667156.6;9537378.2
37;8;;;Guabilla;Dialium guianense;;39.1;34.9;10.5;10 a 19.9;1.365.495;64.099;667158.1;9537378.9
38;1;;;Shimbillo colorado;Parkia pendula;3m;25.7;34.9;61.7;60 a 69.9;3.044.343;33.870.508;667144.7;9537378.9
38;2;;;Requia;Guarea guidonia;;27.3;35.1;12.4;10 a 19.9;1.427.796;7.972.232;667146.3;9537379.1
38;3;;;Quinilla;Pouteria cuspidata;;28.8;34.8;12.1;10 a 19.9;1.417.959;7.728.332;667147.8;9537378.8
38;4;;;Aguanillo;Pouteria guianensis;;27.7;39.1;16.5;10 a 19.9;1.562.235;112.009;667146.7;9537383.1
38;5;;;Carahuasca;Guatteria elata;;26.9;38.8;11.6;10 a 19.9;1.401.564;7.319.512;667145.9;9537382.8
38;6;;;Cumala negra;Virola flexuosa;;20.25;33.8;15.8;10 a 19.9;1.539.282;10.663.468;667139.25;9537377.8
38;7;;;Shimbillo;Inga ruiziana;;25;32.6;22.3;20 a 29.9;1.752.417;15.435.248;667144;9537376.6
39;1;;;Cumala;Virola duckei;;15.4;39.2;15.3;10 a 19.9;1.522.887;10.276.108;667134.4;9537383.2
39;2;;;Aguanillo;Pouteria guianensis;;11;39.4;15.1;10 a 19.9;1.516.329;10.120.352;667130;9537383.4
39;3;;;Canilla de vieja;Duguetia spixiana;;11;29.4;11.5;10 a 19.9;1.398.285;72.374;667130;9537373.4
39;4;;;Cacao colorado;Theobroma cacao;;10.2;32.2;19.5;10 a 19.9;1.660.605;134.398;667129.2;9537376.2
39;5;;;Sacha huito;Genipa americana;;10.65;30.03;13.4;10 a 19.9;1.460.586;8.777.692;667129.65;9537374.03
39;6;;;Shimbillo;Inga ruiziana;;13.2;31.7;19.9;10 a 19.9;1.673.721;13.730.432;667132.2;9537375.7
39;7;;;Espintana;Xylopia benthamii;;18.5;34.1;13.3;10 a 19.9;1.457.307;8.697.668;667137.5;9537378.1
39;8;;;Cresta de gallo;Warszewiczia cordata;;20;37.5;20.9;20 a 29.9;1.706.511;14.448.892;667139;9537381.5
40;1;;;Limoncillo;Siparuna guianensis;;6.5;35.9;5.8;0 a 9.9;1.211.382;2.365.268;667125.5;9537379.9
40;2;;;Chontaquiro;Diplotropis purpurea;;6.4;36.1;26.5;20 a 29.9;1.890.135;182.579;667125.4;9537380.1
40;3;;;Limoncillo;Siparuna guianensis;;6.25;35.1;11.6;10 a 19.9;1.401.564;7.319.512;667125.25;9537379.1
40;4;;;Shimbillo;Inga ruiziana;;6.2;37.5;14.6;10 a 19.9;1.499.934;9.728.932;667125.2;9537381.5
40;5;;;Lobo sanango;Tabernaemontana sananho;;0.7;37.6;11.6;10 a 19.9;1.401.564;7.319.512;667119.7;9537381.6
40;6;;;Sacha huito;Genipa americana;;2.4;34.8;11;10 a 19.9;138.189;68.251;667121.4;9537378.8
40;7;;;Chimicua;Perebea guianensis;;0.2;31.5;24.9;20 a 29.9;1.837.671;17.206.732;667119.2;9537375.5
40;8;;;copal;Protium amazonicum;;2.7;33.4;16.3;10 a 19.9;1.555.677;11.047.928;667121.7;9537377.4
40;9;;;Parinari;Licania apetala;;3.6;31.3;20.9;20 a 29.9;1.706.511;14.448.892;667122.6;9537375.3
41;1;;;Chimicua;Perebea guianensis;;1.1;49.6;15.7;10 a 19.9;1.536.003;10.586.228;667120.1;9537393.6
41;2;;;Cetico colorado;Cecropia sciadophylla;;2.4;40.51;37.6;30 a 39.9;2.254.104;24.732.752;667121.4;9537384.51
41;3;;;Cetico colorado;Cecropia sciadophylla;;1.9;40.6;44;40 a 49.9;246.396;278.164;667120.9;9537384.6
41;4;;;Shimbillo;Inga ruiziana;;3.27;42;11.6;10 a 19.9;1.401.564;7.319.512;667122.27;9537386
41;5;;;Aguanillo;Pouteria guianensis;;5.2;43.3;11.9;10 a 19.9;1.411.401;7.565.152;667124.2;9537387.3
41;6;;;Shimbillo;Inga ruiziana;1.45;8.4;48.1;28.7;20 a 29.9;1.962.273;19.654.768;667127.4;9537392.1
41;7;;;shimbillo;Inga ruiziana;;7;48.3;17.5;10 a 19.9;1.595.025;119.588;667126;9537392.3
41;8;;;Machimango;Eschweilera albiflora;;8;41.1;13.6;10 a 19.9;1.467.144;8.937.392;667127;9537385.1
42;1;;411;Huicungo;Astrocaryum murumuru;;12;48.2;18.2;10 a 19.9;1.617.978;12.482.428;667131;9537392.2
42;2;;;Limoncillo;Siparuna guianensis;1.45;11.3;43.6;16.8;10 a 19.9;1.572.072;11.429.488;667130.3;9537387.6
42;3;;;Lupuna;Pseudobombax munguba;;10.4;42.4;17.3;10 a 19.9;1.588.467;11.808.148;667129.4;9537386.4
42;4;;;Copal;Protium amazonicum;;15;44.5;18.3;10 a 19.9;1.621.257;12.556.768;667134;9537388.5
43;1;;;Chimicua;Perebea guianensis;;21.4;49.1;19.4;10 a 19.9;1.657.326;13.366.852;667140.4;9537393.1
43;2;;;Cumala;Virola duckei;;21.5;47.6;18.1;10 a 19.9;1.614.699;12.407.972;667140.5;9537391.6
43;3;;;Huacapu;Minquartia guianensis;;21.6;44.7;25.8;20 a 29.9;1.867.182;17.801.668;667140.6;9537388.7
43;4;;;Sacha guayaba;Casearia decandra;;21.1;42;11.8;10 a 19.9;1.408.122;7.483.388;667140.1;9537386
43;5;;;Cumala caupuri;Virola pavonis;;29.98;41.8;22.6;20 a 29.9;1.762.254;15.643.652;667148.98;9537385.8
43;6;;;Palometa huayo;Miconia spp;;29;46.3;12.6;10 a 19.9;1.434.354;8.134.252;667148;9537390.3
43;7;;;Cumala;Iryanthera paraensis;;23.6;47.4;12.8;10 a 19.9;1.440.912;8.295.808;667142.6;9537391.4
44;1;;411;Huicungo;Astrocaryum murumuru;;31.4;46;16.5;10 a 19.9;1.562.235;112.009;667150.4;9537390
44;2;;;Chimicua;Perebea guianensis;;36.55;41.1;22.3;20 a 29.9;1.752.417;15.435.248;667155.55;9537385.1
44;3;;;Cumala;Virola duckei;;37.4;41.6;28.7;20 a 29.9;1.962.273;19.654.768;667156.4;9537385.6
44;4;;;Huarmicaspi;Heisteria spp;;39.3;43.7;17.9;10 a 19.9;1.608.141;12.258.712;667158.3;9537387.7
44;5;;;Canilla de vieja;Duguetia spixiana;;38.8;45.1;15.6;10 a 19.9;1.532.724;10.508.872;667157.8;9537389.1
44;6;;;Cumala;Virola duckei;;38.5;45.9;11.3;10 a 19.9;1.391.727;7.072.828;667157.5;9537389.9
44;7;;;Huacapusillo;Minquartia guianensis;;38.7;46;11.6;10 a 19.9;1.401.564;7.319.512;667157.7;9537390
45;1;;;Carahuasca;Guatteria elata;;42.6;49.5;25;20 a 29.9;184.095;172.733;667161.6;9537393.5
45;2;;;Achiotillo;Bixa orellana;1.9;43.8;47.4;17.5;10 a 19.9;1.595.025;119.588;667162.8;9537391.4
45;3;;;Machimango;Eschweilera albiflora;;46.6;44.1;19;10 a 19.9;164.421;130.739;667165.6;9537388.1
45;4;;;Achiotillo;Bixa orellana;;49.4;42;22.5;20 a 29.9;1.758.975;155.743;667168.4;9537386
45;5;;;Fariña caspi ;Sloanea floribunda;;48;44.7;20.6;20 a 29.9;1.696.674;14.234.572;667167;9537388.7
45;6;;;Caimitillo;Pouteria guianensis;;48.2;47.2;20;20 a 29.9;16.77;138.028;667167.2;9537391.2
46;1;;;Canilla de vieja;Duguetia spixiana;;55.6;41.6;13.4;10 a 19.9;1.460.586;8.777.692;667174.6;9537385.6
46;2;;;Boa caspi;Xylopia spp;;59.7;42.3;17.4;10 a 19.9;1.591.746;11.883.532;667178.7;9537386.3
46;3;;;Tangarana;Triplaris americana;;59.2;43.1;11.3;10 a 19.9;1.391.727;7.072.828;667178.2;9537387.1
46;4;;;Pata de vaca;Bauhinia tarapotense;;59.9;44.1;17.5;10 a 19.9;1.595.025;119.588;667178.9;9537388.1
47;1;;;Sacha limón;Miconia elata;;61.4;48.9;14.5;10 a 19.9;1.496.655;96.503;667180.4;9537392.9
47;2;;;Aguanillo;Pouteria guianensis;;67.2;45.2;33;30 a 39.9;210.327;222.229;667186.2;9537389.2
47;3;;411;Cashapona;Socratea exorrhiza;;68.2;42.2;11.1;10 a 19.9;1.385.169;6.907.792;667187.2;9537386.2
48;1;;;Shimbillo;Inga ruiziana;;73.4;40;19.7;10 a 19.9;1.667.163;13.585.348;667192.4;9537384
48;2;;;Caimitillo;Pouteria guianensis;;72.1;45;10.4;10 a 19.9;1.362.216;6.326.512;667191.1;9537389
48;3;;;Marimari;Vochysia vismiifolia;;73.7;45.2;24;20 a 29.9;180.816;166.024;667192.7;9537389.2
48;4;;;Shimbillo;Inga ruiziana;;75.3;44.5;49.9;40 a 49.9;2.657.421;30.238.232;667194.3;9537388.5
48;5;;;Intuto caspi;SWartzia benthamiana;;75.75;45.2;11;10 a 19.9;138.189;68.251;667194.75;9537389.2
48;6;;;Requia;Guarea guidonia;;75.5;46.4;11.7;10 a 19.9;1.404.843;7.401.508;667194.5;9537390.4
49;1;;;Palometa huayo;Miconia spp;;83.5;49.9;21.7;20 a 29.9;1.732.743;15.015.308;667202.5;9537393.9
49;2;;;Chontaquiro;Diplotropis purpurea;;80.8;43;40.9;40 a 49.9;2.362.311;26.382.092;667199.8;9537387
49;3;;;Machimango;Eschweilera albiflora;;80.82;40.34;12.9;10 a 19.9;1.444.191;8.376.412;667199.82;9537384.34
49;4;;;Machimango;Eschweilera albiflora;;82.2;40.4;10.2;10 a 19.9;1.355.658;6.159.388;667201.2;9537384.4
49;5;;;Caimitillo;Pouteria guianensis;;89.1;40.6;12.9;10 a 19.9;1.444.191;8.376.412;667208.1;9537384.6
49;6;;;Caimitillo;Pouteria guianensis;;87.7;41.8;18.1;10 a 19.9;1.614.699;12.407.972;667206.7;9537385.8
49;7;;;Yacushapana;Terminalia corrugata;1.96;85.7;43.7;42.4;40 a 49.9;2.411.496;27.090.032;667204.7;9537387.7
50;1;;;Quinilla;Pouteria cuspidata;;92.4;42.7;14.5;10 a 19.9;1.496.655;96.503;667211.4;9537386.7
50;2;;;Cafecillo del monte;Pentagonia amazonica;;93.2;42.5;12.7;10 a 19.9;1.437.633;8.215.088;667212.2;9537386.5
50;3;;;Guayabillo del monte;Rinorea viridifolia;;98.13;42.5;10.2;10 a 19.9;1.355.658;6.159.388;667217.13;9537386.5
50;4;;;Carahuasca;Guatteria elata;;98;48;12.7;10 a 19.9;1.437.633;8.215.088;667217;9537392
51;1;;;Requia;Guarea guidonia;;98.75;57;11.6;10 a 19.9;1.401.564;7.319.512;667217.75;9537401
51;2;;;Achiotillo;Bixa orellana;;93.3;58.6;20.4;20 a 29.9;1.690.116;14.091.112;667212.3;9537402.6
51;3;;;Tamara;Zanthoxylum monophyllum;;92.5;55.8;19;10 a 19.9;164.421;130.739;667211.5;9537399.8
51;4;;;Sacha huito;Genipa americana;;95.1;53.03;12.5;10 a 19.9;1.431.075;80.533;667214.1;9537397.03
51;5;;;Mojara caspi;Sloanea floribunda;;94.42;50.02;10.2;10 a 19.9;1.355.658;6.159.388;667213.42;9537394.02
51;6;;;Limoncillo;Siparuna guianensis;2m;96.8;51.08;37;30 a 39.9;223.443;244.193;667215.8;9537395.08
51;7;;;Rifari;Rinorea flavescens;;100;50.09;11;10 a 19.9;138.189;68.251;667219;9537394.09
52;1;;;Moena;Ocotea bracteosa;;86.25;57.1;11;10 a 19.9;138.189;68.251;667205.25;9537401.1
52;2;;;Copal;Trattinnickia peruviana;;88.88;58.4;55.1;50 a 59.9;2.493.035.156;1.341.634.885;667207.88;9537402.4
52;3;;;Copal;Protium amazonicum;;87.35;60;31.2;30 a 39.9;2.044.248;21.173.968;667206.35;9537404
52;4;;;Cafecillo del monte;Pentagonia amazonica;;83.9;57.08;24;20 a 29.9;180.816;166.024;667202.9;9537401.08
52;5;;;Cacao del monte;Theobroma obovatum;;83.4;57.8;14.5;10 a 19.9;1.496.655;96.503;667202.4;9537401.8
52;6;;411;Chambira;Astrocaryum murumuru;;87.8;53.8;14.9;10 a 19.9;1.509.771;9.964.132;667206.8;9537397.8
52;7;;;Machimango;Eschweilera itayensis;;;;6.3;0 a 9.9;1.227.777;2.807.728;;
52;8;;;;;;;;7.6;0 a 9.9;1.270.404;3.944.552;;
52;9;;;Guayabillo;Calyptranthes macrophylla;;;;10;10 a 19.9;13.491;59.918;;
52;10;;;Carahuasca;Guatteria boliviana;;;;7.2;0 a 9.9;1.257.288;3.596.848;;
52;11;;;Quinilla;Pouteria rostrata;;;;7;0 a 9.9;125.073;34.223;;
52;12;;;Guayabillo;Calyptranthes plicata;;;;9.7;0 a 9.9;1.339.263;5.739.548;;
52;13;;;Guayabillo del monte;Rinorea viridifolia;;;;6.5;0 a 9.9;1.234.335;29.839;;
52;14;;;Moena;Aniba megaphylla;;;;5.6;0 a 9.9;1.204.824;2.187.472;;
52;15;;;;;;;;9.1;0 a 9.9;1.319.589;5.231.912;;
52;16;;;Caimitillo;Helicostylis scabra;;;;7.7;0 a 9.9;1.273.683;4.031.188;;
52;17;;;Quinilla;Micropholis guyanensis;;;;5.7;0 a 9.9;1.208.103;2.276.428;;
53;1;;;Requia;Guarea guidonia;;72.8;58.3;18.5;10 a 19.9;1.627.815;127.051;667191.8;9537402.3
53;2;;;Copal;Protium amazonicum;;72.35;52.9;12.4;10 a 19.9;1.427.796;7.972.232;667191.35;9537396.9
53;3;;;Quinilla;Pouteria cuspidata;;77.4;55;10.5;10 a 19.9;1.365.495;64.099;667196.4;9537399
53;4;;;Canilla de vieja ;Duguetia spixiana;;78.2;59.2;11.9;10 a 19.9;1.411.401;7.565.152;667197.2;9537403.2
54;1;;;Sacha uvilla ;Pourouma ovata;2m;64.3;58.7;30;30 a 39.9;20.049;204.538;667183.3;9537402.7
54;2;;;Huarmicaspi;Heisteria spp;;64.3;58.8;11.7;10 a 19.9;1.404.843;7.401.508;667183.3;9537402.8
54;3;;;Aguanillo;Pouteria guianensis;;62.3;57.5;25.9;20 a 29.9;1.870.461;17.867.192;667181.3;9537401.5
54;4;;;Paujilruro;Pterygota amazonica;;64.4;55.7;19.5;10 a 19.9;1.660.605;134.398;667183.4;9537399.7
54;5;;;Copal;Protium amazonicum;;63;50.08;22.9;20 a 29.9;1.772.091;15.851.012;667182;9537394.08
54;6;;;Canilla de vieja ;Duguetia spixiana;;65;51.8;12.1;10 a 19.9;1.417.959;7.728.332;667184;9537395.8
54;7;;;Insira;Maclura tinctoria;;67;55.2;21.5;20 a 29.9;1.726.185;148.744;667186;9537399.2
55;1;;;Requia;Guarea guidonia;2.1;59.8;58.3;31;30 a 39.9;203.769;210.551;667178.8;9537402.3
55;2;;;Guayabillo;Calyptranthes krugioides;2.8;52;50.08;34;30 a 39.9;213.606;227.894;667171;9537394.08
55;3;;;Requia;Guarea guidonia;;53.45;50.5;23.5;20 a 29.9;1.791.765;162.626;667172.45;9537394.5
55;4;;;Sacha uvilla ;Pourouma ovata;;54.6;50.07;10.7;10 a 19.9;1.372.053;6.576.328;667173.6;9537394.07
55;5;;;Huacapusillo;Minquartia guianensis;;56.45;53.2;15;10 a 19.9;151.305;100.423;667175.45;9537397.2
56;1;;;Copal;Protium amazonicum;;47.1;59.2;38.7;30 a 39.9;2.290.173;25.296.568;667166.1;9537403.2
56;2;;;Huacapusillo;Minquartia guianensis;;43;56.4;12.9;10 a 19.9;1.444.191;8.376.412;667162;9537400.4
56;3;;;Huarmicaspi;Heisteria spp;1.95;44.3;50.09;59.5;50 a 59.9;2.972.205;333.158;667163.3;9537394.09
56;4;;;Canilla de vieja ;Duguetia spixiana;;48.26;53.6;20.5;20 a 29.9;1.693.395;141.629;667167.26;9537397.6
57;1;;;Pashaquilla;Calliandra carbonaria;;39.4;56.7;12.7;10 a 19.9;1.437.633;8.215.088;667158.4;9537400.7
57;2;;411;Cashapona;Socratea exorrhiza;2.8;38.77;56.7;11.7;10 a 19.9;1.404.843;7.401.508;667157.77;9537400.7
57;3;;;Cetico;Cecropia distachya;;31.5;57;10.5;10 a 19.9;1.365.495;64.099;667150.5;9537401
57;4;;;Carahuasca;Guatteria elata;;35.5;57;13.4;10 a 19.9;1.460.586;8.777.692;667154.5;9537401
57;5;;;Machin Sapote;Quararibea cordata;;36.2;53.1;13.8;10 a 19.9;1.473.702;9.096.628;667155.2;9537397.1
57;6;;;Sacha guayaba;Casearia decandra;;38.35;54.2;19;10 a 19.9;164.421;130.739;667157.35;9537398.2
58;1;;;Sacha uvilla ;Pourouma ovata;1.9;25.6;58.6;43.1;40 a 49.9;2.434.449;27.411.472;667144.6;9537402.6
58;2;;;Rifari;Rinorea flavescens;1.6;23.6;50.07;13.6;10 a 19.9;1.467.144;8.937.392;667142.6;9537394.07
58;3;;411;Chambira;Astrocaryum murumuru;1.3;27.85;54.1;27.2;20 a 29.9;1.913.088;18.708.448;667146.85;9537398.1
59;1;;;Rifari;Rinorea flavescens;1.35;16.8;59.7;15.7;10 a 19.9;1.536.003;10.586.228;667135.8;9537403.7
59;2;;;Rifari;Rinorea flavescens;;14.3;59.4;12;10 a 19.9;141.468;76.468;667133.3;9537403.4
59;3;;;Parinari;Licania apetala;;11.9;52.8;18.7;10 a 19.9;1.634.373;12.852.968;667130.9;9537396.8
59;4;;;Chullachaqui caspi;Caraipa utilis;;19.13;50.04;27.8;20 a 29.9;1.932.762;19.090.108;667138.13;9537394.04
59;5;;;Carahuasca;Guatteria megalophylla;;19.4;56.4;11;10 a 19.9;138.189;68.251;667138.4;9537400.4
60;1;;;Peine de mono;Apeiba aspera;;8.6;57.1;25.8;20 a 29.9;1.867.182;17.801.668;667127.6;9537401.1
60;2;;;Shiringa;Hevea pauciflora var. coriacea;;2.1;57.6;21.8;20 a 29.9;1.736.022;15.085.588;667121.1;9537401.6
60;3;;;Sacha limón;Miconia juruensis;;5.5;54.2;12.3;10 a 19.9;1.424.517;7.891.048;667124.5;9537398.2
60;4;;;Balata;Manilkara bidentata;;8.1;53.4;10;10 a 19.9;13.491;59.918;667127.1;9537397.4
61;1;;;Machin Sapote;Quararibea cordata;;4.8;60.7;12.5;10 a 19.9;1.431.075;80.533;667123.8;9537404.7
62;1;;;Sacha huito;Genipa americana;;12;64;21.6;20 a 29.9;1.729.464;14.944.912;667131;9537408
62;2;;;Sacha uvilla ;Pourouma ovata;1.8;14;61;70;70 a 79.9;3.895.154.274;3.256.958.392;667133;9537405
62;3;;;Marimari;Vochysia vismiifolia;1.9;13.7;65.8;65;60 a 69.9;2.563.559.116;2.072.560.947;667132.7;9537409.8
63;1;;;Quillosisa;Vochysia braceliniae;1.9;23.5;68.2;47.9;40 a 49.9;2.591.841;29.462.512;667142.5;9537412.2
63;2;;411;Cashapona;Socratea exorrhiza;;22.36;60.9;12.4;10 a 19.9;1.427.796;7.972.232;667141.36;9537404.9
63;3;;411;Chambira;Astrocaryum murumuru;;28.24;63.2;23.4;20 a 29.9;1.788.486;16.194.292;667147.24;9537407.2
64;1;;;Sacha uvilla ;Pourouma ovata;;35.18;67;47.6;40 a 49.9;2.582.004;29.342.152;667154.18;9537411
64;2;;;Cumala;Virola duckei;;30.5;68.2;11.9;10 a 19.9;1.411.401;7.565.152;667149.5;9537412.2
64;3;;;Lúcuma del monte;Mouriri grandiflora;;31.16;66.8;12.9;10 a 19.9;1.444.191;8.376.412;667150.16;9537410.8
64;4;;;N-N;;1.7;32.25;60.4;26.6;20 a 29.9;1.893.414;18.322.612;667151.25;9537404.4
65;1;;;Paujilruro;Warszewiczia cordata;;45.2;62.2;10.3;10 a 19.9;1.358.937;6.243.008;667164.2;9537406.2
65;2;;;Punga;Pseudobombax munguba;;48.4;67.7;43.2;40 a 49.9;2.437.728;27.456.928;667167.4;9537411.7
65;3;;;Cumala;Virola duckei;;48.25;68.1;22.9;20 a 29.9;1.772.091;15.851.012;667167.25;9537412.1
65;4;;;Caimitillo;Pouteria guianensis;;48.25;68.5;24.7;20 a 29.9;1.831.113;17.073.248;667167.25;9537412.5
66;1;;;Copal;Protium amazonicum;;52.1;66.2;17.7;10 a 19.9;1.601.583;12.108.988;667171.1;9537410.2
66;2;;;Quinilla;Pouteria cuspidata;;53.26;60.7;16;10 a 19.9;154.584;108.176;667172.26;9537404.7
66;3;;;Machimango ;Eschweilera albiflora;;57.35;64.7;21;20 a 29.9;170.979;145.201;667176.35;9537408.7
66;4;;;Bellaco caspi;Himatanthus sucuuba;;57.26;67.4;12.6;10 a 19.9;1.434.354;8.134.252;667176.26;9537411.4
66;5;;;Bandera caspi;Parkia nitida;;56.4;69.1;14.9;10 a 19.9;1.509.771;9.964.132;667175.4;9537413.1
66;6;;;Bandera caspi;Parkia nitida;;58.9;69.2;16;10 a 19.9;154.584;108.176;667177.9;9537413.2
67;1;;;Tangarana;Triplaris americana;;62.53;68;14.7;10 a 19.9;1.503.213;9.807.448;667181.53;9537412
67;2;;;Cumala;Virola duckei;;62.7;66.5;19.3;10 a 19.9;1.654.047;13.293.788;667181.7;9537410.5
67;3;;;Zapotillo;Pouteria reticulata;;61.98;64.5;18.4;10 a 19.9;1.624.536;12.630.992;667180.98;9537408.5
67;4;;411;Huacrapona;Iriartea deltoidea;1.5;66.2;62.7;26.4;20 a 29.9;1.886.856;18.193.072;667185.2;9537406.7
67;5;;;Moena;Ocotea spp;;68.5;60.8;12.8;10 a 19.9;1.440.912;8.295.808;667187.5;9537404.8
67;6;;;Quinilla;Pouteria cuspidata;2;69.9;63.9;25;20 a 29.9;184.095;172.733;667188.9;9537407.9
67;7;;;Chimicua;Perebea guianensis;;66.46;67.7;17.9;10 a 19.9;1.419.701.206;6.828.948.112;667185.46;9537411.7
67;8;;;Maria Buena;Vochysia venulosa;;64;67.8;50;50 a 59.9;26.607;302.758;667183;9537411.8
68;1;;;Bellaco caspi;Himatanthus sucuuba;;71.46;63.7;59.3;50 a 59.9;3.210.991.011;8.495.112.919;667190.46;9537407.7
68;2;;;Bellaco Caspi;Himatanthus sucuuba;;72.78;60.7;15.3;10 a 19.9;1.522.887;10.276.108;667191.78;9537404.7
68;3;;;Sacha mango;Grias neuberthii;;74.72;60.1;10.5;10 a 19.9;1.365.495;64.099;667193.72;9537404.1
68;4;;;Cumala;Virola duckei;;75.3;60.43;14.2;10 a 19.9;1.486.818;9.413.708;667194.3;9537404.43
68;5;;;Sacha parinari;Parinari excelsa;;75.8;60.2;28.8;20 a 29.9;1.965.552;19.716.928;667194.8;9537404.2
68;6;;;Tamara;Zanthoxylum monophyllum;;78.34;61.8;10.4;10 a 19.9;1.362.216;6.326.512;667197.34;9537405.8
68;7;;;Sacha guayaba;Casearia decandra;;79.25;64.1;10.9;10 a 19.9;1.378.611;6.742.292;667198.25;9537408.1
68;8;;;Sacha parinari;Parinari excelsa;;79;65.2;10;10 a 19.9;1.108.108.678;7.177.425.511;667198;9537409.2
68;9;;;Shimbillo;Inga ruiziana;;79.9;69.2;21;20 a 29.9;1.995.196.269;146.129.518;667198.9;9537413.2
68;10;;;Huarmicaspi;Heisteria spp;;77.9;66.9;11.1;10 a 19.9;1.385.169;6.907.792;667196.9;9537410.9
68;11;;;Fariña caspi;Sloanea floribunda;;74.34;66.7;26.4;20 a 29.9;1.886.856;18.193.072;667193.34;9537410.7
69;1;;411;Huacrapona;Iriartea deltoidea;;82.1;67.5;33.1;30 a 39.9;2.106.549;22.280.072;667201.1;9537411.5
69;2;;;Fariña caspi;Sloanea floribunda;1.6;80.55;65.3;16;10 a 19.9;1.476.014.283;116.409.376;667199.55;9537409.3
69;3;;;Marimari;Vochysia vismiifolia;3;81.5;64;60;60 a 69.9;3.698.104.333;1.971.500.676;667200.5;9537408
69;4;;;Limoncillo;Siparuna guianensis;;82;63.4;11.2;10 a 19.9;1.388.448;6.990.368;667201;9537407.4
69;5;;;Tangarana;Triplaris americana;1.4;86.3;60.42;30.4;30 a 39.9;2.018.016;20.695.712;667205.3;9537404.42
69;6;;;Sacha mango;Grias neuberthii;;89.35;63.7;16.2;10 a 19.9;1.552.398;10.971.268;667208.35;9537407.7
70;1;;;Copal;Protium amazonicum;;91.1;67.2;32.2;30 a 39.9;2.077.038;21.761.348;667210.1;9537411.2
70;2;;;Cumala blanca;Virola albidiflora;;97.7;65.7;45.3;40 a 49.9;2.784.939.772;1.850.973.385;667216.7;9537409.7
70;3;;;Quinilla;Pouteria cuspidata;;99.9;63.3;12.4;10 a 19.9;1.427.796;7.972.232;667218.9;9537407.3
70;4;;;Sacha cacao;Theobroma subincanum;;93.1;69.5;18.3;10 a 19.9;1.323.335.821;6.886.440.247;667212.1;9537413.5
71;1;;;Caimitillo;Pouteria guianensis;;99.67;70.7;14.5;10 a 19.9;1.496.655;96.503;667218.67;9537414.7
71;2;;;Chimicua;Perebea guianensis;;98.84;70.2;26.6;20 a 29.9;1.893.414;18.322.612;667217.84;9537414.2
71;3;;;Fariña caspi;Sloanea floribunda;;97.2;72;14.3;10 a 19.9;1.490.097;9.492.688;667216.2;9537416
71;4;;;Carahuasca;Guatteria elata;;98.45;71.9;20.3;20 a 29.9;1.686.837;14.019.208;667217.45;9537415.9
71;5;;;Caimitillo;Pouteria guianensis;;98;72;19.3;10 a 19.9;1.654.047;13.293.788;667217;9537416
71;6;;;Requia;Guarea guidonia;;99.5;74;11;10 a 19.9;138.189;68.251;667218.5;9537418
71;7;;;Sacha cacao;Theobroma subincanum;;99.9;75.8;11.4;10 a 19.9;1.395.006;7.155.172;667218.9;9537419.8
71;8;;411;Huacrapona;Iriartea deltoidea;;99.2;77.8;23;20 a 29.9;177.537;159.199;667218.2;9537421.8
71;9;;;Chimicua;Perebea guianensis;;99.2;78.4;13.8;10 a 19.9;1.473.702;9.096.628;667218.2;9537422.4
71;10;;;Sacha quinilla;Manilkara bidentata;;98.55;75.1;12;10 a 19.9;141.468;76.468;667217.55;9537419.1
71;11;;;Tangarana;Nealchornea yapurensis;;91.5;71.6;30;30 a 39.9;20.049;204.538;667210.5;9537415.6
72;1;;;Requia;Guarea guidonia;;88.66;78;11.4;10 a 19.9;1.395.006;7.155.172;667207.66;9537422
72;2;;;Machimango ;Eschweilera albiflora;;81.68;76.1;15.7;10 a 19.9;1.536.003;10.586.228;667200.68;9537420.1
72;3;;;Cumala;Virola duckei;;81.67;73.6;13.8;10 a 19.9;1.473.702;9.096.628;667200.67;9537417.6
72;4;;;Requia;Guarea guidonia;;80.66;70.5;13.5;10 a 19.9;1.463.865;88.576;667199.66;9537414.5
72;5;;;Fariña caspi;Sloanea floribunda;;82.66;73;10;10 a 19.9;13.491;59.918;667201.66;9537417
72;6;;;Carahuasca;Guatteria elata;;86.7;74;34;30 a 39.9;1.942.124.065;1.469.114.055;667205.7;9537418
72;7;;;Añallu caspi;Poecilanthe effusa;;88;74.6;10.5;10 a 19.9;1.365.495;64.099;667207;9537418.6
73;1;;411;Huacrapona;Iriartea deltoidea;1.5;77.7;75.5;10.9;10 a 19.9;1.378.611;6.742.292;667196.7;9537419.5
73;2;;;Quinilla;Pouteria cuspidata;;75.5;75.7;15.7;10 a 19.9;1.536.003;10.586.228;667194.5;9537419.7
73;3;;;Machimango ;Eschweilera albiflora;;76.1;79;21.3;20 a 29.9;1.719.627;14.733.028;667195.1;9537423
73;4;;;Maria buena;Vochysia venulosa;1.75;70.7;74.6;26.4;20 a 29.9;1.886.856;18.193.072;667189.7;9537418.6
73;5;;;Requia;Guarea guidonia;;71.4;74.7;10.3;10 a 19.9;1.358.937;6.243.008;667190.4;9537418.7
73;6;;;Cumala;Virola duckei;;77.2;71;12.4;10 a 19.9;1.427.796;7.972.232;667196.2;9537415
73;7;;;Chimicua;Perebea guianensis;;76.1;73.7;37.7;30 a 39.9;2.257.383;24.784.588;667195.1;9537417.7
74;1;;;Achiotillo;Bixa orellana;;68;76.8;41.4;40 a 49.9;2.378.706;26.620.972;667187;9537420.8
74;2;;;Sacha mango;Grias neuberthii;;64.7;78.3;17.6;10 a 19.9;1.598.304;12.033.952;667183.7;9537422.3
74;3;;;Shimbillo;Inga ruiziana;;64.66;76.7;11.2;10 a 19.9;1.388.448;6.990.368;667183.66;9537420.7
74;4;;;Copal;Protium amazonicum;;63.36;71.7;11.3;10 a 19.9;1.391.727;7.072.828;667182.36;9537415.7
74;5;;;Cumala;Virola duckei;;63.85;71.1;11.2;10 a 19.9;1.388.448;6.990.368;667182.85;9537415.1
74;6;;;Machimango ;Eschweilera albiflora;;66.2;70;18.4;10 a 19.9;1.624.536;12.630.992;667185.2;9537414
74;7;;;Aguanillo;Pouteria guianensis;;68.53;70.5;23.2;20 a 29.9;1.781.928;16.057.328;667187.53;9537414.5
74;8;;411;Huacrapona;Iriartea deltoidea;;65.5;72.4;33.5;30 a 39.9;2.119.665;225.076;667184.5;9537416.4
74;9;;;Copal;Protium amazonicum;;67;75.3;11.9;10 a 19.9;1.411.401;7.565.152;667186;9537419.3
75;1;;;Moena;Ocotea myriantha;;57.3;76.3;10.9;10 a 19.9;1.378.611;6.742.292;667176.3;9537420.3
75;2;;;Cumala;Virola duckei;;56.5;77.4;16.9;10 a 19.9;1.575.351;11.505.452;667175.5;9537421.4
75;3;;;Shimbillo;Inga ruiziana;;53.8;77.6;19.9;10 a 19.9;1.673.721;13.730.432;667172.8;9537421.6
75;4;;;Guayabillo;Cupania hispida;1.4;52.3;74.2;17.2;10 a 19.9;1.585.188;11.732.648;667171.3;9537418.2
75;5;;;Maria Buena;Vochysia venulosa;2;51.3;70.8;28.6;20 a 29.9;1.958.994;19.592.492;667170.3;9537414.8
75;6;;;Machin Sapote;Quararibea cordata;;55.77;73.6;10.8;10 a 19.9;1.375.332;6.659.368;667174.77;9537417.6
76;1;;;Peine de mono;Apeiba aspera;;42;72.8;35.5;30 a 39.9;2.185.245;236.174;667161;9537416.8
76;2;;;Cumala;Virola duckei;;40.44;72.8;21.2;20 a 29.9;1.716.348;14.662.168;667159.44;9537416.8
76;3;;;Sacha parinari;Parinari excelsa;;43.6;72.3;13.9;10 a 19.9;1.476.981;9.176.072;667162.6;9537416.3
76;4;;411;Huicungo;Astrocaryum murumuru;;49.46;74.1;20.1;20 a 29.9;1.680.279;13.875.052;667168.46;9537418.1
76;5;;411;Huacrapona;Iriartea deltoidea;;45.65;76.7;18.5;10 a 19.9;1.627.815;127.051;667164.65;9537420.7
77;1;;;Aguanillo;Pouteria guianensis;;37.9;76.6;28.8;20 a 29.9;1.965.552;19.716.928;667156.9;9537420.6
77;2;;411;Huicungo;Astrocaryum murumuru;;34.75;74.7;14.5;10 a 19.9;1.496.655;96.503;667153.75;9537418.7
77;3;;;Sacha uvilla ;Pourouma ovata;;35.8;70.5;30.2;30 a 39.9;2.011.458;20.574.988;667154.8;9537414.5
77;4;;;Machin Sapote;Quararibea cordata;;38.34;73.7;10.3;10 a 19.9;1.358.937;6.243.008;667157.34;9537417.7
77;5;;411;Chambira;Astrocaryum murumuru;;37.5;75.1;23;20 a 29.9;177.537;159.199;667156.5;9537419.1
78;1;;;Machin Sapote;Quararibea cordata;;27.4;73;12.5;10 a 19.9;1.431.075;80.533;667146.4;9537417
79;1;;;Quillosisa;Vochysia braceliniae;;12;77.1;13.2;10 a 19.9;1.454.028;8.617.528;667131;9537421.1
79;2;;;Huarmicaspi;Heisteria spp;;11.6;74.7;56.8;50 a 59.9;2.883.672;32.558.288;667130.6;9537418.7
79;3;;;Chimicua;Perebea guianensis;;11;72.5;14.1;10 a 19.9;1.483.539;9.334.612;667130;9537416.5
79;4;;;Palometa huayo;Miconia spp;;17.9;70.5;10.5;10 a 19.9;1.365.495;64.099;667136.9;9537414.5
79;5;;;Shimbillo;Inga ruiziana;;17.1;75.9;18.5;10 a 19.9;1.627.815;127.051;667136.1;9537419.9
79;6;;411;Cashapona;Socratea exorrhiza;2.2;17.9;77.1;10.3;10 a 19.9;1.358.937;6.243.008;667136.9;9537421.1
80;1;;;Tamara;Zanthoxylum monophyllum;;4.75;79.7;14;10 a 19.9;148.026;92.554;667123.75;9537423.7
80;2;;;Yacushapana;Terminalia corrugata;1.8;4.17;72.8;40.3;40 a 49.9;2.342.637;26.091.608;667123.17;9537416.8
80;3;;;Requia;Guarea guidonia;;9.8;72.1;10.2;10 a 19.9;1.355.658;6.159.388;667128.8;9537416.1
80;4;;411;Huicungo;Astrocaryum murumuru;;8.58;75.1;24;20 a 29.9;180.816;166.024;667127.58;9537419.1
81;1;;;Sacha parinari;Parinari excelsa;;6.7;89.1;48.4;40 a 49.9;1.944.187.713;1.543.067.224;667125.7;9537433.1
81;2;;411;Ungurahui;Oenocarpus bataua;;5.7;85.9;27.1;20 a 29.9;1.909.809;18.644.432;667124.7;9537429.9
81;3;;;Rifari;Rinorea flavescens;;1.73;82.6;11.2;10 a 19.9;1.388.448;6.990.368;667120.73;9537426.6
81;4;;;Sacha parinari;Parinari excelsa;;2.84;80.9;43.2;40 a 49.9;2.084.974.099;1.492.410.462;667121.84;9537424.9
82;1;;411;Chambira;Astrocaryum murumuru;;17.73;88.9;35.1;30 a 39.9;2.172.129;23.399.152;667136.73;9537432.9
82;2;;;Machin Sapote;Quararibea cordata;;14.2;87.3;15.9;10 a 19.9;1.542.561;10.740.592;667133.2;9537431.3
82;3;;;Machin Sapote;Quararibea cordata;;10.45;84.7;12.6;10 a 19.9;1.434.354;8.134.252;667129.45;9537428.7
82;4;;;Chamburo;Vasconcellea pubescens;;16.1;84.4;25;20 a 29.9;184.095;172.733;667135.1;9537428.4
83;1;;;Sacha guayaba;Casearia decandra;;29.3;88.7;10.8;10 a 19.9;1.375.332;6.659.368;667148.3;9537432.7
83;2;;;Aguanillo;Pouteria guianensis;;28.4;89.8;20.8;20 a 29.9;1.703.232;14.377.568;667147.4;9537433.8
83;3;;;Bolaina;Guazuma crinita;;20.3;87.7;10.2;10 a 19.9;1.355.658;6.159.388;667139.3;9537431.7
83;4;;;Moena;Ocotea spp;;22.28;83.1;21.6;20 a 29.9;1.729.464;14.944.912;667141.28;9537427.1
83;5;;112;Caimitillo;Pouteria guianensis;;21.7;82.2;31.5;30 a 39.9;2.054.085;213.514;667140.7;9537426.2
83;6;;;Achiotillo;Bixa orellana;;23.96;80.1;20.7;20 a 29.9;1.699.953;14.306.128;667142.96;9537424.1
83;7;;;Huacapusillo;Minquartia guianensis;;29.3;80.1;10.7;10 a 19.9;1.372.053;6.576.328;667148.3;9537424.1
84;1;;;Parinari;Licania apetala;;39.65;87.9;17.9;10 a 19.9;1.608.141;12.258.712;667158.65;9537431.9
84;2;;;Sacha uvilla ;Pourouma ovata;2;30.3;87.2;42.9;40 a 49.9;2.427.891;27.320.212;667149.3;9537431.2
84;3;;411;Huacrapona;Iriartea deltoidea;;31.6;83.7;22.9;20 a 29.9;1.772.091;15.851.012;667150.6;9537427.7
84;4;;;Maria buena;Vochysia venulosa;;35.34;85.2;11.8;10 a 19.9;1.408.122;7.483.388;667154.34;9537429.2
84;5;;411;Cashapona;Socratea exorrhiza;2.17;36.5;86;12;10 a 19.9;141.468;76.468;667155.5;9537430
84;6;;;Shimbillo;Inga ruiziana;;38.3;80.2;21.9;20 a 29.9;1.739.301;15.155.752;667157.3;9537424.2
85;1;;;Shimbillo;Inga ruiziana;;47.7;88.9;34.7;30 a 39.9;2.159.013;23.179.048;667166.7;9537432.9
85;2;;;Intuto caspi;SWartzia benthamiana;;40.7;89.4;16.8;10 a 19.9;1.572.072;11.429.488;667159.7;9537433.4
85;3;;411;Huicungo;Astrocaryum murumuru;1.4;44.72;88.2;16.3;10 a 19.9;1.555.677;11.047.928;667163.72;9537432.2
85;4;;;Tubinachi;Terminalia oblonga;1.4;48.37;82.8;12.2;10 a 19.9;1.421.238;7.809.748;667167.37;9537426.8
86;1;;;Chimicua;Perebea guianensis;;59.6;86.8;17.5;10 a 19.9;1.595.025;119.588;667178.6;9537430.8
86;2;;;Cumalilla;Virola elongata;;52.56;88.9;15.5;10 a 19.9;1.529.445;104.314;667171.56;9537432.9
86;3;;;Peine de mono;Apeiba aspera;;53.6;80.9;21.6;20 a 29.9;1.729.464;14.944.912;667172.6;9537424.9
87;1;;;Caimitillo;Pouteria guianensis;;67.8;87.2;11.9;10 a 19.9;1.411.401;7.565.152;667186.8;9537431.2
87;2;;;Pucaquiro;Simira williamsii ;;66.95;89.3;15.7;10 a 19.9;1.536.003;10.586.228;667185.95;9537433.3
87;3;;;Pinsha ñahui;Matayba macrocarpa;;65;86.9;10.5;10 a 19.9;1.365.495;64.099;667184;9537430.9
87;4;;;Carahuasca;Guatteria elata;;61.5;89.2;21.8;20 a 29.9;1.736.022;15.085.588;667180.5;9537433.2
87;5;;;Picho huayo;Siparuna decipiens;;63.1;85.8;10.8;10 a 19.9;1.375.332;6.659.368;667182.1;9537429.8
87;6;;;Insira;Maclura tinctoria;;60.2;83.3;12.9;10 a 19.9;1.444.191;8.376.412;667179.2;9537427.3
88;1;;;Anacaspi;Eschweilera andina;2.85;75.5;89;51.8;50 a 59.9;3.100.778.106;2.270.428.661;667194.5;9537433
88;2;;;Tamamuri;Ophiocaryon heterophyllum;;74.25;84.4;16.3;10 a 19.9;1.555.677;11.047.928;667193.25;9537428.4
88;3;;;Tangarana;Nealchornea yapurensis;;70.34;83.1;16.5;10 a 19.9;1.562.235;112.009;667189.34;9537427.1
88;4;;;Copal;Protium amazonicum;;73.45;81.1;13.8;10 a 19.9;1.473.702;9.096.628;667192.45;9537425.1
88;5;;;Sacha parinari;Parinari excelsa;2.3;75.7;82;35;30 a 39.9;216.885;233.443;667194.7;9537426
89;1;;;Moena;Nectandra acuminata;;89.2;88.9;12.8;10 a 19.9;1.440.912;8.295.808;667208.2;9537432.9
89;2;;;Palometa huayo;Miconia spp;;85.3;88.6;12.4;10 a 19.9;1.427.796;7.972.232;667204.3;9537432.6
89;3;;;Chullachaqui caspi;Caraipa utilis;2;83.15;87.8;30.4;30 a 39.9;2.018.016;20.695.712;667202.15;9537431.8
89;4;;;Bejuco amarillo;Adenocalymma biternatum;;88.88;80.1;17.1;10 a 19.9;1.581.909;11.657.032;667207.88;9537424.1
89;5;;;Chimicua;Perebea guianensis;;88.65;83.3;17;10 a 19.9;157.863;115.813;667207.65;9537427.3
89;6;;;Sacha mango;Grias neuberthii;;88.73;84.9;14.9;10 a 19.9;1.509.771;9.964.132;667207.73;9537428.9
90;1;;;Maria buena;Vochysia venulosa;;92.63;80.3;10.4;10 a 19.9;1.362.216;6.326.512;667211.63;9537424.3
90;2;;411;Cashapona;Socratea exorrhiza;;98.6;80.5;16;10 a 19.9;154.584;108.176;667217.6;9537424.5
90;3;;;Shimbillo;Inga ruiziana;;98;83.6;23.4;20 a 29.9;1.788.486;16.194.292;667217;9537427.6
90;4;;;Punga;Pseudobombax munguba;;100;87.1;10.7;10 a 19.9;1.372.053;6.576.328;667219;9537431.1
90;5;;411;Huicungo;Astrocaryum murumuru;;96.1;89.9;16.1;10 a 19.9;1.549.119;10.894.492;667215.1;9537433.9
90;6;;;Carahuasca;Guatteria elata;;95.1;86.5;33.9;30 a 39.9;2.132.781;22.733.272;667214.1;9537430.5
90;7;;;Machimango colorado;Eschweilera grandiflora;;94.7;83.7;28.1;20 a 29.9;1.942.599;19.279.372;667213.7;9537427.7
90;8;;;Shimbillo;Inga ruiziana;;92.6;84.7;14.8;10 a 19.9;1.506.492;9.885.848;667211.6;9537428.7
90;9;;411;Huasaí;Euterpe precatoria;;100;82.8;11.3;10 a 19.9;1.391.727;7.072.828;667219;9537426.8
91;1;;;Punga;Pseudobombax munguba;;98.4;96.1;20.6;20 a 29.9;1.696.674;14.234.572;667217.4;9537440.1
91;2;;;Chimicua;Perebea guianensis;;95.15;93.5;21.2;20 a 29.9;1.716.348;14.662.168;667214.15;9537437.5
91;3;;;Bellaco Caspi;Himatanthus sucuuba;;96.2;91.2;28.4;20 a 29.9;1.952.436;19.467.592;667215.2;9537435.2
92;1;;112;Lupuna;Pachira insignis;;82.7;97.7;20;20 a 29.9;16.77;138.028;667201.7;9537441.7
92;2;;411;Huicungo;Astrocaryum murumuru;;88.75;98.6;14.9;10 a 19.9;1.509.771;9.964.132;667207.75;9537442.6
92;3;;;Copal;Protium amazonicum;;83;93;11.7;10 a 19.9;1.404.843;7.401.508;667202;9537437
92;4;;;Copal;Protium amazonicum;;86.13;90.4;10.7;10 a 19.9;1.372.053;6.576.328;667205.13;9537434.4
92;5;;;Copal;Protium amazonicum;;86.82;92.2;13.1;10 a 19.9;1.450.749;8.537.272;667205.82;9537436.2
92;6;;;Aguanillo;Pouteria guianensis;;80.4;96.6;19.4;10 a 19.9;1.657.326;13.366.852;667199.4;9537440.6
92;7;;411;Huicungo;Astrocaryum murumuru;;80.1;94.3;11.3;10 a 19.9;1.391.727;7.072.828;667199.1;9537438.3
93;1;;;Moena;Ocotea spp;;70.2;90.2;18.3;10 a 19.9;1.621.257;12.556.768;667189.2;9537434.2
93;2;;;Carahuasca;Guatteria elata;;79;90.8;16.7;10 a 19.9;1.568.793;11.353.408;667198;9537434.8
93;3;;;Canilla de vieja ;Duguetia spixiana;;77.6;92;13.9;10 a 19.9;1.476.981;9.176.072;667196.6;9537436
93;4;;;Yacushapana;Terminalia corrugata;;77.6;95.8;19.4;10 a 19.9;1.657.326;13.366.852;667196.6;9537439.8
93;5;;;Shimbillo;Inga ruiziana;;71.85;95.3;14.9;10 a 19.9;1.509.771;9.964.132;667190.85;9537439.3
93;6;;;Bellaco Caspi;Himatanthus sucuuba;;73.1;94.3;26.1;20 a 29.9;1.877.019;17.997.892;667192.1;9537438.3
93;7;;;Requia;Guarea guidonia;;73.85;93.2;17.7;10 a 19.9;1.601.583;12.108.988;667192.85;9537437.2
93;8;;;Bushillo;Tachigali paniculata;;71.3;92.7;10.3;10 a 19.9;1.358.937;6.243.008;667190.3;9537436.7
94;1;;;Carahuasca;Guatteria elata;;68.9;94.6;20;20 a 29.9;16.77;138.028;667187.9;9537438.6
94;2;;;Cumala;Virola duckei;;68.6;94.2;11;10 a 19.9;138.189;68.251;667187.6;9537438.2
94;3;;;Copal;Protium amazonicum;;66.6;94.8;11.7;10 a 19.9;1.404.843;7.401.508;667185.6;9537438.8
94;4;;;Pinsha ñahui;Matayba macrocarpa;;66.2;98.2;11.9;10 a 19.9;1.411.401;7.565.152;667185.2;9537442.2
94;5;;;Sacha guayaba;Casearia decandra;;64.5;96.1;11.1;10 a 19.9;1.385.169;6.907.792;667183.5;9537440.1
94;6;;;Carahuasca;Guatteria elata;;62.66;96.6;12.5;10 a 19.9;1.431.075;80.533;667181.66;9537440.6
94;7;;;Requia;Guarea guidonia;;61.1;95.2;10.3;10 a 19.9;1.358.937;6.243.008;667180.1;9537439.2
94;8;;;Huarmicaspi;Heisteria spp;;62;91.2;43.6;40 a 49.9;2.450.844;27.637.592;667181;9537435.2
95;1;;;Cumala;Virola duckei;;59.7;95.6;26.3;20 a 29.9;1.883.577;18.128.128;667178.7;9537439.6
95;2;;;Pichirina;Vismia cayennensis ;;54.5;99.2;19.1;10 a 19.9;1.647.489;13.147.312;667173.5;9537443.2
95;3;;;Palometa huayo;Miconia spp;;50.9;91.7;13.3;10 a 19.9;1.457.307;8.697.668;667169.9;9537435.7
95;4;;;Pinsha ñahui;Matayba macrocarpa;;50.75;90.4;11;10 a 19.9;138.189;68.251;667169.75;9537434.4
95;5;;;Caimitillo;Pouteria guianensis;;53.1;92.8;28.1;20 a 29.9;1.942.599;19.279.372;667172.1;9537436.8
95;6;;;Machin Sapote;Quararibea cordata;;55.18;90.4;13.1;10 a 19.9;1.450.749;8.537.272;667174.18;9537434.4
95;7;;;Chimicua;Perebea guianensis;2.1;53.4;94;37.8;30 a 39.9;2.260.662;24.836.308;667172.4;9537438
96;1;;;Carahuasca;Guatteria elata;;47.4;96.8;21.1;20 a 29.9;1.713.069;14.591.192;667166.4;9537440.8
96;2;;;Balata;Manilkara bidentata;;47.95;96.2;12.9;10 a 19.9;1.444.191;8.376.412;667166.95;9537440.2
96;3;;;Quillosisa;Vochysia braceliniae;2.7;43.33;98.4;60;60 a 69.9;272.531.005;2.191.616.388;667162.33;9537442.4
96;4;;;Palo de cruz;Chimarrhis gentryana;2.7;44.1;94;35.8;30 a 39.9;2.115.510.155;1.964.759.997;667163.1;9537438
96;5;;;Chimicua;Perebea guianensis;;41.15;91.2;19.8;10 a 19.9;1.670.442;13.657.948;667160.15;9537435.2
96;6;;;Shimbillo;Inga ruiziana;;40.96;90.2;13.6;10 a 19.9;1.467.144;8.937.392;667159.96;9537434.2
96;7;;;Maria buena;Vochysia venulosa;1.9;42.7;91.5;10.3;10 a 19.9;1.358.937;6.243.008;667161.7;9537435.5
96;8;;;Moena;Ocotea spp;;41.9;93.5;11.1;10 a 19.9;1.385.169;6.907.792;667160.9;9537437.5
96;9;;;Huarmicaspi;Heisteria spp;;49.86;93.6;11;10 a 19.9;138.189;68.251;667168.86;9537437.6
97;1;;;Yutubanco;Metteniusa tessmanniana;;39.8;96;12;10 a 19.9;141.468;76.468;667158.8;9537440
97;2;;;Cumala;Iryanthera paraensis;1.6;31.7;99;18.1;10 a 19.9;1.614.699;12.407.972;667150.7;9537443
97;3;;;Sacha uvilla ;Pourouma ovata;2.3;35;90.8;49.9;40 a 49.9;2.026.158.747;1.587.664.566;667154;9537434.8
97;4;;;Lanza caspi ;Mouriri floribunda;;38.2;93.9;10.2;10 a 19.9;1.355.658;6.159.388;667157.2;9537437.9
98;1;;;Cumala;Virola duckei;;21.14;98.5;16.4;10 a 19.9;1.558.956;11.124.472;667140.14;9537442.5
98;2;;;Aguanillo;Pouteria guianensis;1.49;21.35;93.6;49.4;40 a 49.9;2.641.026;30.048.652;667140.35;9537437.6
98;3;;;Tamara;Zanthoxylum monophyllum;;20.75;94.5;12.3;10 a 19.9;1.424.517;7.891.048;667139.75;9537438.5
98;4;;;Aguanillo;Pouteria guianensis;;26.4;94.1;17.5;10 a 19.9;1.595.025;119.588;667145.4;9537438.1
98;5;;;Requia;Guarea guidonia;;29.98;94.4;14.8;10 a 19.9;1.506.492;9.885.848;667148.98;9537438.4
98;6;;;Machin Sapote;Quararibea cordata;;29.94;96;13.8;10 a 19.9;1.473.702;9.096.628;667148.94;9537440
99;1;;;Huacapu;Minquartia guianensis;;18.2;93.8;17.9;10 a 19.9;1.608.141;12.258.712;667137.2;9537437.8
99;2;;;Aguanillo;Pouteria guianensis;;17.18;93.6;21.2;20 a 29.9;1.716.348;14.662.168;667136.18;9537437.6
99;3;;;Palo blanco;Lacistema nena;;17.7;95;10.3;10 a 19.9;1.358.937;6.243.008;667136.7;9537439
99;4;;;Cafecillo del monte;Faramea glandulosa;;10.77;91.6;12.5;10 a 19.9;1.431.075;80.533;667129.77;9537435.6
99;5;;;Tamara;Zanthoxylum monophyllum;;14.9;91.1;12.4;10 a 19.9;1.427.796;7.972.232;667133.9;9537435.1
100;1;;;Rifari;Rinorea flavescens;;8.95;100;27.6;20 a 29.9;1.926.204;18.963.352;667127.95;9537444
100;2;;;Cacahuillo;Theobroma speciosum;;5.7;99.5;10.8;10 a 19.9;1.375.332;6.659.368;667124.7;9537443.5
100;3;;;Moena;Ocotea spp;;1.47;99.3;25.1;20 a 29.9;1.844.229;17.339.752;667120.47;9537443.3
100;4;;;Requia;Guarea guidonia;;0.83;100;10.2;10 a 19.9;1.355.658;6.159.388;667119.83;9537444
100;5;;;Cumala;Virola duckei;;5.4;100;25.1;20 a 29.9;1.844.229;17.339.752;667124.4;9537444
